Aiguafreda	41.76798618	2.25054463	topo1	Aiguafreda	1
Abrera	41.51617119	1.90260158	topo1	Abrera	1
Abella de la Conca	42.16144193	1.09247165	topo1	Abella de la Conca	1
Aguilar de Segarra	41.73916911	1.63196601	topo1	Aguilar de Segarra	1
Aiguamúrcia	41.34740998	1.36314912	topo1	Aiguamúrcia	1
Alamús, els	41.61588862	0.73953623	topo1	els Alamús	0
Agramunt	41.78723928	1.09885925	topo1	Agramunt	1
Albanyà	42.30422037	2.71976685	topo1	Albanyà	1
Albagés, l'	41.44911403	0.73902318	topo1	l Albagés	0
Aiguaviva	41.93831797	2.76175917	topo1	Aiguaviva	1
Albinyana	41.24574482	1.48636413	topo1	Albinyana	1
Albatàrrec	41.57307599	0.60415896	topo1	Albatàrrec	1
Albiol, l'	41.25205057	1.08912679	topo1	l Albiol	0
Albesa	41.75136441	0.66040759	topo1	Albesa	1
Albons	42.10439847	3.08528857	topo1	Albons	1
Alcanar	40.5432439	0.48077067	topo1	Alcanar	1
Alcarràs	41.56312845	0.52520082	topo1	Alcarràs	1
Alcover	41.2629114	1.16885828	topo1	Alcover	1
Aldea, l'	40.74726814	0.62237072	topo1	l Aldea	0
Agullana	42.3938047	2.84667014	topo1	Agullana	1
Aleixar, l'	41.20163188	1.04619312	topo1	l Aleixar	0
Alella	41.49373217	2.29495693	topo1	Alella	1
Alfarràs	41.82951572	0.57044997	topo1	Alfarràs	1
Alforja	41.21035935	0.97541319	topo1	Alforja	1
Algerri	41.81608336	0.63853796	topo1	Algerri	1
Alfés	41.52161842	0.62100072	topo1	Alfés	1
Alfara de Carles	40.87334487	0.40056526	topo1	Alfara de Carles	1
Alguaire	41.73635395	0.58383042	topo1	Alguaire	1
Almacelles	41.73174426	0.43709454	topo1	Almacelles	1
Almatret	41.30532865	0.42413571	topo1	Almatret	1
Almenar	41.797844	0.56789509	topo1	Almenar	1
Almoster	41.19774418	1.11359779	topo1	Almoster	1
Alp	42.37256345	1.88538909	topo1	Alp	1
Alpicat	41.66663438	0.55519829	topo1	Alpicat	1
Aitona	41.49415635	0.45887547	topo1	Aitona	1
Aldover	40.87990045	0.50005847	topo1	Aldover	1
Albi, l'	41.42289588	0.93657985	topo1	l Albi	0
Alòs de Balaguer	41.91225793	0.96109504	topo1	Alòs de Balaguer	1
Amposta	40.71330218	0.58108201	topo1	Amposta	1
Amer	42.00924462	2.60301889	topo1	Amer	1
Ametlla de Mar, l'	40.88395787	0.80316591	topo1	l Ametlla de Mar	0
Ametlla del Vallès, l'	41.67330125	2.25925558	topo1	l Ametlla del Vallès	0
Anglès	41.95744641	2.64005865	topo1	Anglès	1
Ampolla, l'	40.81225126	0.71014087	topo1	l Ampolla	0
Alcoletge	41.64730417	0.69416188	topo1	Alcoletge	1
Alàs i Cerc	42.35269751	1.50763901	topo1	Alàs i Cerc	1
Alt Àneu	42.63273666	1.10936934	topo1	Alt Àneu	1
Arenys de Munt	41.60899336	2.54038107	topo1	Arenys de Munt	1
Arbolí	41.24234715	0.94872455	topo1	Arbolí	1
Arenys de Mar	41.57938543	2.55149756	topo1	Arenys de Mar	1
Arbeca	41.54165167	0.9241543	topo1	Arbeca	1
Arboç, l'	41.26763802	1.60352186	topo1	l Arboç	0
Arbúcies	41.81608058	2.51416795	topo1	Arbúcies	1
Altafulla	41.14275013	1.37605008	topo1	Altafulla	1
Alins	42.54879499	1.31747269	topo1	Alins	1
Alpens	42.11932091	2.10127267	topo1	Alpens	1
Anglesola	41.6588682	1.08137944	topo1	Anglesola	1
Argelaguer	42.21317776	2.64158377	topo1	Argelaguer	1
Arres	42.75512059	0.7117209	topo1	Arres	1
Artesa de Segre	41.8956921	1.04532859	topo1	Artesa de Segre	1
Arsèguel	42.35019416	1.58263019	topo1	Arsèguel	1
Armentera, l'	42.1721013	3.07452397	topo1	l Armentera	0
Aspa	41.49559161	0.67232501	topo1	Aspa	1
Ascó	41.18063105	0.56744329	topo1	Ascó	1
Artés	41.79819381	1.95351624	topo1	Artés	1
Argençola	41.59783259	1.4435547	topo1	Argençola	1
Argentera, l'	41.13750071	0.9092831	topo1	l Argentera	0
Avellanes i Santa Linya, les	41.90884911	0.76375281	topo1	les Avellanes i Santa Linya	0
Baix Pallars	42.32271538	1.06420985	topo1	Baix Pallars	1
Artesa de Lleida	41.55179061	0.70367123	topo1	Artesa de Lleida	1
Avinyonet de Puigventós	42.24953483	2.91470172	topo1	Avinyonet de Puigventós	1
Arnes	40.91000512	0.26088264	topo1	Arnes	1
Badalona	41.45226335	2.24587666	topo1	Badalona	1
Balsareny	41.86311546	1.87676565	topo1	Balsareny	1
Avinyonet del Penedès	41.35966722	1.7760176	topo1	Avinyonet del Penedès	1
Balenyà	41.81038158	2.23504376	topo1	Balenyà	1
Argentona	41.55472727	2.40066398	topo1	Argentona	1
Banyeres del Penedès	41.27950693	1.58094927	topo1	Banyeres del Penedès	1
Banyoles	42.11810557	2.76537061	topo1	Banyoles	1
Balaguer	41.78973778	0.80529735	topo1	Balaguer	1
Avinyó	41.86375268	1.97131845	topo1	Avinyó	1
Barberà del Vallès	41.51608259	2.12459558	topo1	Barberà del Vallès	1
Baronia de Rialb, la	41.93152794	1.19657904	topo1	la Baronia de Rialb	0
Begues	41.33267297	1.92174536	topo1	Begues	1
Barberà de la Conca	41.41091586	1.22832394	topo1	Barberà de la Conca	1
Bellcaire d'Empordà	42.08076005	3.09427099	topo1	Bellcaire d Empordà	1
Bausen	42.83466984	0.71688102	topo1	Bausen	1
Begur	41.95433767	3.20707327	topo1	Begur	1
Belianes	41.56172812	1.01751148	topo1	Belianes	1
Batea	41.09446232	0.31141383	topo1	Batea	1
Bellaguarda	41.33764555	0.73595776	topo1	Bellaguarda	1
Bassella	42.00604184	1.29522908	topo1	Bassella	1
Barcelona	41.38272127	2.17703293	topo1	Barcelona	1
Bellcaire d'Urgell	41.75937145	0.90622482	topo1	Bellcaire d Urgell	1
Bellmunt d'Urgell	41.77432666	0.95209661	topo1	Bellmunt d Urgell	1
Bellmunt del Priorat	41.16525256	0.76674909	topo1	Bellmunt del Priorat	1
Benavent de Segrià	41.6959255	0.63303198	topo1	Benavent de Segrià	1
Bigues i Riells del Fai	41.67885098	2.22234828	topo1	Bigues i Riells del Fai	1
Bellvís	41.6718278	0.81747777	topo1	Bellvís	1
Bellvei	41.24129713	1.57659238	topo1	Bellvei	1
Benissanet	41.0567063	0.63459529	topo1	Benissanet	1
Bellver de Cerdanya	42.37065432	1.77435342	topo1	Bellver de Cerdanya	1
Bellpuig	41.62597958	1.0111537	topo1	Bellpuig	1
Benifallet	40.97390262	0.51780819	topo1	Benifallet	1
Biosca	41.84227768	1.35874895	topo1	Biosca	1
Bellprat	41.5171521	1.43398301	topo1	Bellprat	1
Besalú	42.19889185	2.6995121	topo1	Besalú	1
Bescanó	41.96560048	2.74216894	topo1	Bescanó	1
Biure	42.33765799	2.89499884	topo1	Biure	1
Blancafort	41.43785849	1.15925662	topo1	Blancafort	1
Bisbal del Penedès, la	41.28089741	1.48785618	topo1	la Bisbal del Penedès	0
Blanes	41.67576646	2.79240678	topo1	Blanes	1
Boadella i les Escaules	42.33005022	2.85549961	topo1	Boadella i les Escaules	1
Bisbal de Montsant, la	41.28027021	0.72336181	topo1	la Bisbal de Montsant	0
Bolvir	42.41782046	1.87989086	topo1	Bolvir	1
Bonastre	41.22080971	1.43989563	topo1	Bonastre	1
Bisbal d'Empordà, la	41.95969678	3.03855027	topo1	la Bisbal d Empordà	0
Bordils	42.04089786	2.91319144	topo1	Bordils	1
Beuda	42.23705333	2.70951599	topo1	Beuda	1
Borges Blanques, les	41.52125107	0.86771698	topo1	les Borges Blanques	0
Borges del Camp, les	41.17201808	1.01936746	topo1	les Borges del Camp	0
Borrassà	42.22279456	2.92630935	topo1	Borrassà	1
Bot	41.00915665	0.38481801	topo1	Bot	1
Cabanelles	42.23084785	2.81969803	topo1	Cabanelles	1
Botarell	41.13605157	0.98901486	topo1	Botarell	1
Breda	41.74853898	2.55695166	topo1	Breda	1
Bossòst	42.78559396	0.69201627	topo1	Bossòst	1
Bòrdes, es	42.73801874	0.71925251	topo1	Es Bòrdes	0
Cabanyes, les	41.37148025	1.68913353	topo1	les Cabanyes	0
Brull, el	41.81687675	2.30524777	topo1	el Brull	0
Brunyola i Sant Martí Sapresa	41.90520074	2.68479214	topo1	Brunyola i Sant Martí Sapresa	1
Cabanes	42.30700041	2.97828323	topo1	Cabanes	1
Bàscara	42.15973575	2.91044457	topo1	Bàscara	1
Bruc, el	41.57762008	1.78402288	topo1	el Bruc	0
Cabacés	41.24744466	0.73364862	topo1	Cabacés	1
Cabanabona	41.85163381	1.21644865	topo1	Cabanabona	1
Cabrera de Mar	41.52590089	2.39329734	topo1	Cabrera de Mar	1
Cabrera d'Anoia	41.47794178	1.70463282	topo1	Cabrera d Anoia	1
Cabra del Camp	41.39529428	1.27694329	topo1	Cabra del Camp	1
Caldes d'Estrac	41.5724984	2.52781132	topo1	Caldes d Estrac	1
Calders	41.78938243	1.9918776	topo1	Calders	1
Calaf	41.73401913	1.510944	topo1	Calaf	1
Cabó	42.238892	1.24717214	topo1	Cabó	1
Cadaqués	42.28808721	3.27586987	topo1	Cadaqués	1
Calafell	41.20115852	1.56864174	topo1	Calafell	1
Calldetenes	41.92468966	2.28454034	topo1	Calldetenes	1
Cabrils	41.52560018	2.36845048	topo1	Cabrils	1
Caldes de Montbui	41.6344595	2.1629303	topo1	Caldes de Montbui	1
Caldes de Malavella	41.8389004	2.80953726	topo1	Caldes de Malavella	1
Calella	41.61337935	2.65722401	topo1	Calella	1
Calonge i Sant Antoni	41.86175047	3.07661623	topo1	Calonge i Sant Antoni	1
Campdevànol	42.22446763	2.16721333	topo1	Campdevànol	1
Camarles	40.77214068	0.6696731	topo1	Camarles	1
Callús	41.78127786	1.78413527	topo1	Callús	1
Camarasa	41.87513124	0.87788211	topo1	Camarasa	1
Cambrils	41.07432746	1.05168803	topo1	Cambrils	1
Campins	41.72464351	2.46343099	topo1	Campins	1
Camprodon	42.31174178	2.36507827	topo1	Camprodon	1
Canet d'Adri	42.03342444	2.73702525	topo1	Canet d Adri	1
Campelles	42.29422969	2.14012804	topo1	Campelles	1
Canet de Mar	41.58932479	2.58269724	topo1	Canet de Mar	1
Canejan	42.83817812	0.73980424	topo1	Canejan	1
Camós	42.09417137	2.76719936	topo1	Camós	1
Campllong	41.89075607	2.8300761	topo1	Campllong	1
Cantallops	42.42200791	2.92531851	topo1	Cantallops	1
Canovelles	41.62183857	2.27717911	topo1	Canovelles	1
Cassà de la Selva	41.88738229	2.87423942	topo1	Cassà de la Selva	1
Caseres	41.03853899	0.25076613	topo1	Caseres	1
Capmany	42.37249324	2.92102316	topo1	Capmany	1
Castell d'Aro, Platja d'Aro i s'Agaró	41.81743684	3.07063267	topo1	Castell d Aro, Platja d Aro i s Agaró	1
Canyelles	41.28615903	1.72217102	topo1	Canyelles	1
Capafonts	41.2949715	1.0275275	topo1	Capafonts	1
Capellades	41.53116161	1.68605181	topo1	Capellades	1
Canonja, la	41.12341376	1.17909867	topo1	la Canonja	0
Cardedeu	41.6385282	2.35595311	topo1	Cardedeu	1
Carme	41.53217802	1.62011491	topo1	Carme	1
Cardona	41.91329668	1.68113098	topo1	Cardona	1
Capçanes	41.09986046	0.78153727	topo1	Capçanes	1
Castellar de la Ribera	42.02269309	1.4159991	topo1	Castellar de la Ribera	1
Castellar del Vallès	41.61726822	2.08722962	topo1	Castellar del Vallès	1
Castellcir	41.76043865	2.14971647	topo1	Castellcir	1
Castelldans	41.49774416	0.76532387	topo1	Castelldans	1
Castellet i la Gornal	41.25410512	1.58921816	topo1	Castellet i la Gornal	1
Castellfollit de la Roca	42.21926791	2.55007563	topo1	Castellfollit de la Roca	1
Castellterçol	41.75148277	2.1205347	topo1	Castellterçol	1
Castellserà	41.7469	0.98695869	topo1	Castellserà	1
Castell de Mur	42.0925237	0.8764013	topo1	Castell de Mur	1
Castellbell i el Vilar	41.63036571	1.86108834	topo1	Castellbell i el Vilar	1
Castellnou de Bages	41.83428246	1.83737149	topo1	Castellnou de Bages	1
Castellfollit del Boix	41.66675844	1.68367488	topo1	Castellfollit del Boix	1
Castelldefels	41.28047213	1.97701006	topo1	Castelldefels	1
Castellolí	41.59835563	1.70068389	topo1	Castellolí	1
Castellví de Rosanes	41.44878533	1.90029141	topo1	Castellví de Rosanes	1
Castellvell del Camp	41.18117702	1.09626892	topo1	Castellvell del Camp	1
Castelló d'Empúries	42.25832371	3.07443446	topo1	Castelló d Empúries	1
Castellví de la Marca	41.32669887	1.62095117	topo1	Castellví de la Marca	1
Castelló de Farfanya	41.82037035	0.72755023	topo1	Castelló de Farfanya	1
Catllar, el	41.17538073	1.3262508	topo1	el Catllar	0
Cava	42.3257107	1.585329	topo1	Cava	1
Cerdanyola del Vallès	41.4913073	2.14057196	topo1	Cerdanyola del Vallès	1
Cervià de les Garrigues	41.42495271	0.85896908	topo1	Cervià de les Garrigues	1
Cervera	41.66574175	1.2710202	topo1	Cervera	1
Centelles	41.79750909	2.21907094	topo1	Centelles	1
Cervià de Ter	42.0677124	2.9096502	topo1	Cervià de Ter	1
Cellera de Ter, la	41.96830412	2.6207366	topo1	la Cellera de Ter	0
Cervelló	41.39610698	1.95910428	topo1	Cervelló	1
Clariana de Cardener	41.93384623	1.62502828	topo1	Clariana de Cardener	1
Colera	42.4038487	3.1507662	topo1	Colera	1
Cistella	42.26868136	2.84727507	topo1	Cistella	1
Celrà	42.02469083	2.87894728	topo1	Celrà	1
Coll de Nargó	42.17470995	1.31577047	topo1	Coll de Nargó	1
Collbató	41.5702866	1.82816786	topo1	Collbató	1
Collsuspina	41.82560516	2.17521281	topo1	Collsuspina	1
Colomers	42.08417207	2.98759478	topo1	Colomers	1
Coma i la Pedra, la	42.17560228	1.59134934	topo1	la Coma i la Pedra	0
Corbera de Llobregat	41.41779856	1.92304224	topo1	Corbera de Llobregat	1
Corbera d'Ebre	41.07766046	0.47794793	topo1	Corbera d Ebre	1
Colldejou	41.09950399	0.88752057	topo1	Colldejou	1
Cornellà de Llobregat	41.35574736	2.07053455	topo1	Cornellà de Llobregat	1
Corbins	41.69062158	0.69298979	topo1	Corbins	1
Conca de Dalt	42.24443678	0.97163744	topo1	Conca de Dalt	1
Conesa	41.51858251	1.29120736	topo1	Conesa	1
Constantí	41.15385441	1.21259242	topo1	Constantí	1
Copons	41.63711085	1.51870774	topo1	Copons	1
Cornudella de Montsant	41.26564638	0.90580747	topo1	Cornudella de Montsant	1
Cornellà del Terri	42.09002599	2.81602089	topo1	Cornellà del Terri	1
Corçà	41.98941248	3.01783507	topo1	Corçà	1
Crespià	42.18712202	2.79847983	topo1	Crespià	1
Creixell	41.16774336	1.44069294	topo1	Creixell	1
Cànoves i Samalús	41.69436199	2.35516814	topo1	Cànoves i Samalús	1
Cubelles	41.20831285	1.67237282	topo1	Cubelles	1
Cunit	41.1984463	1.63446619	topo1	Cunit	1
Cubells	41.85159098	0.95889941	topo1	Cubells	1
Das	42.36109232	1.87012501	topo1	Das	1
Cruïlles, Monells i Sant Sadurní de l'Heura	41.95630472	2.9894206	topo1	Cruïlles, Monells i Sant Sadurní de l Heura	1
Dosrius	41.59434163	2.40675596	topo1	Dosrius	1
Espluga Calba, l'	41.4950131	1.00365052	topo1	l Espluga Calba	0
Espinelves	41.86898053	2.41726617	topo1	Espinelves	1
Duesaigües	41.14611309	0.93080036	topo1	Duesaigües	1
Esparreguera	41.53901438	1.87041166	topo1	Esparreguera	1
Escala, l'	42.12479045	3.1325021	topo1	l Escala	0
Espolla	42.391085	3.00086564	topo1	Espolla	1
Espluga de Francolí, l'	41.39663893	1.1044433	topo1	l Espluga de Francolí	0
Espot	42.57581977	1.08896085	topo1	Espot	1
Deltebre	40.71822152	0.73525916	topo1	Deltebre	1
Esquirol, l'	42.03482801	2.37009534	topo1	l Esquirol	0
Estamariu	42.37306417	1.52267666	topo1	Estamariu	1
Esponellà	42.17893414	2.79507325	topo1	Esponellà	1
Esterri de Cardós	42.59266794	1.2617201	topo1	Esterri de Cardós	1
Fatarella, la	41.16236913	0.47325011	topo1	la Fatarella	0
Figueres	42.26725302	2.96079685	topo1	Figueres	1
Flix	41.23190229	0.55017016	topo1	Flix	1
Darnius	42.36855278	2.83195833	topo1	Darnius	1
Far d'Empordà, el	42.25167972	2.99623536	topo1	el Far d Empordà	0
Farrera	42.50446939	1.27309862	topo1	Farrera	1
Figuera, la	41.2161734	0.73146927	topo1	la Figuera	0
Figuerola del Camp	41.37144108	1.26496538	topo1	Figuerola del Camp	1
Flaçà	42.04707389	2.95773531	topo1	Flaçà	1
Febró, la	41.2772877	1.00397576	topo1	la Febró	0
Fogars de Montclús	41.72793648	2.44352087	topo1	Fogars de Montclús	1
Falset	41.14598035	0.82011839	topo1	Falset	1
Esterri d'Àneu	42.62864203	1.12227644	topo1	Esterri d Àneu	1
Foixà	42.0396613	2.99654599	topo1	Foixà	1
Fonollosa	41.76339325	1.66869224	topo1	Fonollosa	1
Foradada	41.87677525	1.01244569	topo1	Foradada	1
Fontanals de Cerdanya	42.38502728	1.90029028	topo1	Fontanals de Cerdanya	1
Fontcoberta	42.14295455	2.78908291	topo1	Fontcoberta	1
Fornells de la Selva	41.93092034	2.81223766	topo1	Fornells de la Selva	1
Fontanilles	42.00994757	3.10709703	topo1	Fontanilles	1
Forès	41.49446126	1.23810936	topo1	Forès	1
Figaró-Montmany	41.72350778	2.27420797	topo1	Figaró-Montmany	1
Fígols i Alinyà	42.20335296	1.3410932	topo1	Fígols i Alinyà	1
Freginals	40.67172662	0.52003634	topo1	Freginals	1
Fulleda	41.46361529	1.0243316	topo1	Fulleda	1
Fuliola, la	41.71301071	1.01852548	topo1	la Fuliola	0
Gaià	41.91649269	1.92564494	topo1	Gaià	1
Gallifa	41.69323491	2.11545262	topo1	Gallifa	1
Gandesa	41.052136	0.43921435	topo1	Gandesa	1
Garcia	41.13698576	0.65012538	topo1	Garcia	1
Garidells, els	41.20736643	1.24672915	topo1	els Garidells	0
Esplugues de Llobregat	41.37752166	2.08800477	topo1	Esplugues de Llobregat	1
Garriga, la	41.68517517	2.28570059	topo1	la Garriga	0
Garrigoles	42.10407368	3.02077174	topo1	Garrigoles	1
Garriguella	42.34228001	3.06427414	topo1	Garriguella	1
Garrigàs	42.19342359	2.95407856	topo1	Garrigàs	1
Gelida	41.44076893	1.86372445	topo1	Gelida	1
Gavà	41.30315785	2.00333567	topo1	Gavà	1
Ger	42.41076591	1.84421361	topo1	Ger	1
Godall	40.65506982	0.46973434	topo1	Godall	1
Girona	41.98319092	2.82466634	topo1	Girona	1
Ginestar	41.04184318	0.63435551	topo1	Ginestar	1
Golmés	41.63253599	0.93251836	topo1	Golmés	1
Estany, l'	41.86897946	2.11230779	topo1	l Estany	0
Gombrèn	42.24832693	2.09099664	topo1	Gombrèn	1
Granada, la	41.37841979	1.71892363	topo1	la Granada	0
Granadella, la	41.35552	0.66484227	topo1	la Granadella	0
Granera	41.72544093	2.05666706	topo1	Granera	1
Granyena de Segarra	41.62351079	1.24685747	topo1	Granyena de Segarra	1
Forallac	41.96049386	3.05609612	topo1	Forallac	1
Granollers	41.60795645	2.28754997	topo1	Granollers	1
Gratallops	41.19333264	0.7767976	topo1	Gratallops	1
Franqueses del Vallès, les	41.62892348	2.300532	topo1	les Franqueses del Vallès	0
Fortià	42.24200839	3.04070454	topo1	Fortià	1
Gavet de la Conca	42.12336667	0.92040964	topo1	Gavet de la Conca	1
Font-rubí	41.41394879	1.65311966	topo1	Font-rubí	1
Galera, la	40.68163899	0.46337351	topo1	la Galera	0
Guils de Cerdanya	42.44853757	1.87940583	topo1	Guils de Cerdanya	1
Gurb	41.94004888	2.2444015	topo1	Gurb	1
Guixers	42.13274231	1.66625669	topo1	Guixers	1
Guingueta d'Àneu, la	42.59494465	1.13133123	topo1	la Guingueta d Àneu	0
Hospitalet de Llobregat, l'	41.35969846	2.09972537	topo1	l Hospitalet de Llobregat	0
Gualta	42.02850116	3.10355184	topo1	Gualta	1
Gualba	41.73155161	2.50188975	topo1	Gualba	1
Hostalets de Pierola, els	41.53475862	1.76937247	topo1	els Hostalets de Pierola	0
Isona i Conca Dellà	42.11776356	1.04878348	topo1	Isona i Conca Dellà	1
Hostalric	41.74599253	2.63683667	topo1	Hostalric	1
Horta de Sant Joan	40.95390522	0.31680018	topo1	Horta de Sant Joan	1
Igualada	41.57868135	1.61722895	topo1	Igualada	1
Guimerà	41.56430098	1.18519725	topo1	Guimerà	1
Gósol	42.23695691	1.66020328	topo1	Gósol	1
Isòvol	42.39834312	1.83861654	topo1	Isòvol	1
Ivars d'Urgell	41.68291349	0.98567646	topo1	Ivars d Urgell	1
Ivars de Noguera	41.85017882	0.58587964	topo1	Ivars de Noguera	1
Jafre	42.07197571	3.01061708	topo1	Jafre	1
Josa i Tuixén	42.23063594	1.56754185	topo1	Josa i Tuixén	1
Jorba	41.60189937	1.54743913	topo1	Jorba	1
Juneda	41.54944683	0.82509363	topo1	Juneda	1
Juncosa	41.37156183	0.77536977	topo1	Juncosa	1
Jonquera, la	42.41741552	2.87425625	topo1	la Jonquera	0
Linyola	41.71071948	0.90467345	topo1	Linyola	1
Lladorre	42.62110253	1.24950344	topo1	Lladorre	1
Lladurs	42.04466667	1.50825067	topo1	Lladurs	1
Llambilles	41.9211034	2.85951064	topo1	Llambilles	1
Llanars	42.32044312	2.34398894	topo1	Llanars	1
Llardecans	41.37403299	0.55005158	topo1	Llardecans	1
Llançà	42.36976614	3.16167556	topo1	Llançà	1
Llavorsí	42.49568176	1.21116728	topo1	Llavorsí	1
Llers	42.29540888	2.91235321	topo1	Llers	1
Lleida	41.61481376	0.62664877	topo1	Lleida	1
Llagostera	41.82891254	2.8920171	topo1	Llagostera	1
Lladó	42.24760608	2.81380313	topo1	Lladó	1
Juià	42.0171174	2.90679888	topo1	Juià	1
Llimiana	42.07496634	0.91615392	topo1	Llimiana	1
Lliçà d'Amunt	41.61109241	2.23801043	topo1	Lliçà d Amunt	1
Lliçà de Vall	41.58599828	2.2395559	topo1	Lliçà de Vall	1
Llorac	41.55656078	1.3075185	topo1	Llorac	1
Lloar, el	41.18593235	0.75091039	topo1	el Lloar	0
Lloret de Mar	41.69946593	2.84716747	topo1	Lloret de Mar	1
Llorenç del Penedès	41.28291792	1.55313474	topo1	Llorenç del Penedès	1
Maià de Montcal	42.22232301	2.74212925	topo1	Maià de Montcal	1
Madremanya	41.99007439	2.95724017	topo1	Madremanya	1
Maldà	41.5509404	1.04007727	topo1	Maldà	1
Malla	41.88706572	2.23464815	topo1	Malla	1
Malgrat de Mar	41.64616227	2.74186834	topo1	Malgrat de Mar	1
Margalef	41.28441912	0.75399189	topo1	Margalef	1
Manresa	41.72326357	1.82699748	topo1	Manresa	1
Llacuna, la	41.47257065	1.5337889	topo1	la Llacuna	0
Les	42.81008917	0.71045738	topo1	Les	1
Marganell	41.64096728	1.78931915	topo1	Marganell	1
Llosses, les	42.15054565	2.11680819	topo1	les Llosses	0
Masllorenç	41.26927629	1.41442794	topo1	Masllorenç	1
Llívia	42.46447483	1.98085535	topo1	Llívia	1
Masnou, el	41.47922686	2.31634446	topo1	el Masnou	0
Lluçà	42.06718427	2.07368239	topo1	Lluçà	1
Martorelles	41.52552477	2.24326297	topo1	Martorelles	1
Lles de Cerdanya	42.39033693	1.68755247	topo1	Lles de Cerdanya	1
Masdenverge	40.71580481	0.53103532	topo1	Masdenverge	1
Marçà	41.12609573	0.8002487	topo1	Marçà	1
Masarac i Vilarnadal	42.35043082	2.97403601	topo1	Masarac i Vilarnadal	1
Martorell	41.47442004	1.93062544	topo1	Martorell	1
Mas de Barberans	40.73468861	0.37391439	topo1	Mas de Barberans	1
Llinars del Vallès	41.63898605	2.40445682	topo1	Llinars del Vallès	1
Maspujols	41.18179331	1.04580941	topo1	Maspujols	1
Massanes	41.76590217	2.65177868	topo1	Massanes	1
Maçanet de la Selva	41.77744856	2.73083637	topo1	Maçanet de la Selva	1
Matadepera	41.59681928	2.0264056	topo1	Matadepera	1
Mataró	41.54082572	2.44625862	topo1	Mataró	1
Miravet	41.03791957	0.59757141	topo1	Miravet	1
Mieres	42.12305622	2.63812532	topo1	Mieres	1
Mediona	41.47667401	1.61290158	topo1	Mediona	1
Masquefa	41.50219584	1.81102275	topo1	Masquefa	1
Masroig, el	41.12654356	0.73147298	topo1	el Masroig	0
Massoteres	41.7974864	1.31073828	topo1	Massoteres	1
Mollet de Peralada	42.35980952	2.99977438	topo1	Mollet de Peralada	1
Molins de Rei	41.41390212	2.01589375	topo1	Molins de Rei	1
Mollerussa	41.62983521	0.89369687	topo1	Mollerussa	1
Mollet del Vallès	41.53632895	2.21104591	topo1	Mollet del Vallès	1
Monistrol de Calders	41.75984801	2.01387006	topo1	Monistrol de Calders	1
Molló	42.34677493	2.40461085	topo1	Molló	1
Mont-ras	41.9091538	3.1432303	topo1	Mont-ras	1
Montbrió del Camp	41.12072351	1.00351945	topo1	Montbrió del Camp	1
Montcada i Reixac	41.48468897	2.18746507	topo1	Montcada i Reixac	1
Montellà i Martinet	42.36146297	1.69677447	topo1	Montellà i Martinet	1
Mont-roig del Camp	41.08825086	0.95776992	topo1	Mont-roig del Camp	1
Menàrguens	41.72959752	0.74355642	topo1	Menàrguens	1
Montesquiu	42.10999187	2.20974819	topo1	Montesquiu	1
Montblanc	41.37656212	1.16149917	topo1	Montblanc	1
Montagut i Oix	42.23081239	2.59763689	topo1	Montagut i Oix	1
Montferrer i Castellbó	42.3419576	1.42780351	topo1	Montferrer i Castellbò	1
Montgat	41.46660361	2.27905843	topo1	Montgat	1
Montmaneu	41.6256647	1.41461152	topo1	Montmaneu	1
Montgai	41.79986039	0.96100772	topo1	Montgai	1
Montmeló	41.5515773	2.2480687	topo1	Montmeló	1
Montferri	41.26565945	1.36577971	topo1	Montferri	1
Montoliu de Segarra	41.59009782	1.27011195	topo1	Montoliu de Segarra	1
Meranges	42.44618451	1.78686867	topo1	Meranges	1
Montornès de Segarra	41.60074469	1.22956775	topo1	Montornès de Segarra	1
Montmell, el	41.31482135	1.45248456	topo1	el Montmell	0
Moià	41.81305607	2.09714443	topo1	Moià	1
Monistrol de Montserrat	41.60962346	1.84249509	topo1	Monistrol de Montserrat	1
Mont-ral	41.28683328	1.09693667	topo1	Mont-ral	1
Maçanet de Cabrenys	42.38593602	2.7480676	topo1	Maçanet de Cabrenys	1
Montornès del Vallès	41.54490132	2.26621299	topo1	Montornès del Vallès	1
Montseny	41.75915817	2.39491004	topo1	Montseny	1
Morell, el	41.19219179	1.20887558	topo1	el Morell	0
Navès	41.990797	1.64011245	topo1	Navès	1
Naut Aran	42.70729424	0.89855998	topo1	Naut Aran	1
Navata	42.22377294	2.86068313	topo1	Navata	1
Nou de Gaià, la	41.18298618	1.37376024	topo1	la Nou de Gaià	0
Morera de Montsant, la	41.26495767	0.84181947	topo1	la Morera de Montsant	0
Navarcles	41.7516175	1.90375655	topo1	Navarcles	1
Muntanyola	41.87828835	2.17782911	topo1	Muntanyola	1
Nalec	41.56018113	1.11516823	topo1	Nalec	1
Móra la Nova	41.09994376	0.65085304	topo1	Móra la Nova	1
Móra d'Ebre	41.09251056	0.64112437	topo1	Móra d Ebre	1
Mura	41.69957259	1.97620507	topo1	Mura	1
Navàs	41.89994691	1.87891821	topo1	Navàs	1
Odèn	42.13394847	1.38666817	topo1	Odèn	1
Nulles	41.24931205	1.29520002	topo1	Nulles	1
Olesa de Bonesvalls	41.35179497	1.85052529	topo1	Olesa de Bonesvalls	1
Ogassa	42.26595001	2.27685218	topo1	Ogassa	1
Olius	41.97823203	1.55971222	topo1	Olius	1
Olivella	41.31039899	1.81099001	topo1	Olivella	1
Olost	41.98602728	2.09591503	topo1	Olost	1
Oliola	41.87565787	1.1737094	topo1	Oliola	1
Olot	42.18257737	2.48974086	topo1	Olot	1
Omells de na Gaia, els	41.49987078	1.0748884	topo1	els Omells de na Gaia	0
Olèrdola	41.31911158	1.72390499	topo1	Olèrdola	1
Omellons, els	41.50147978	0.95947905	topo1	els Omellons	0
Oliana	42.06490075	1.3147005	topo1	Oliana	1
Ordis	42.21861666	2.90674003	topo1	Ordis	1
Organyà	42.21109576	1.32855282	topo1	Organyà	1
Oristà	41.93224773	2.06073698	topo1	Oristà	1
Os de Balaguer	41.87132008	0.71861627	topo1	Os de Balaguer	1
Osor	41.94547022	2.55748816	topo1	Osor	1
Pacs del Penedès	41.36200398	1.66948616	topo1	Pacs del Penedès	1
Palafolls	41.66696309	2.7493786	topo1	Palafolls	1
Ossó de Sió	41.75488003	1.15943442	topo1	Ossó de Sió	1
Palau-solità i Plegamans	41.58737776	2.17857042	topo1	Palau-solità i Plegamans	1
Palafrugell	41.91484048	3.16403852	topo1	Palafrugell	1
Palau de Santa Eulàlia	42.17360773	2.96612559	topo1	Palau de Santa Eulàlia	1
Palamós	41.84678772	3.12937825	topo1	Palamós	1
Palau-saverdera	42.30804154	3.1500171	topo1	Palau-saverdera	1
Palma d'Ebre, la	41.28287156	0.66616836	topo1	la Palma d Ebre	0
Pallaresos, els	41.17517029	1.26952816	topo1	els Pallaresos	0
Palau-sator	41.98936748	3.11051582	topo1	Palau-sator	1
Pallejà	41.42143064	1.99661498	topo1	Pallejà	1
Passanant i Belltall	41.5313751	1.19893879	topo1	Passanant i Belltall	1
Pals	41.97099258	3.144941	topo1	Pals	1
Palol de Revardit	42.06988381	2.79619925	topo1	Palol de Revardit	1
Pau	42.31581559	3.11616897	topo1	Pau	1
Parlavà	42.02214452	3.02992844	topo1	Parlavà	1
Papiol, el	41.43899897	2.01062035	topo1	el Papiol	0
Pardines	42.31222037	2.21352558	topo1	Pardines	1
Paüls	40.92243962	0.40036181	topo1	Paüls	1
Penelles	41.75760239	0.9655759	topo1	Penelles	1
Pedret i Marzà	42.31053197	3.06877517	topo1	Pedret i Marzà	1
Peralada	42.30824132	3.00813924	topo1	Peralada	1
Perafita	42.04226209	2.10679646	topo1	Perafita	1
Peramola	42.05717298	1.26780132	topo1	Peramola	1
Pera, la	42.02041258	2.97331457	topo1	la Pera	0
Piera	41.51765402	1.74255623	topo1	Piera	1
Perelló, el	40.87548015	0.71237616	topo1	el Perelló	0
Pineda de Mar	41.62744225	2.68933842	topo1	Pineda de Mar	1
Pinell de Solsonès	41.95179847	1.41825455	topo1	Pinell de Solsonès	1
Piles, les	41.50386527	1.34195029	topo1	les Piles de Gaià	0
Pinell de Brai, el	41.01546909	0.51439464	topo1	el Pinell de Brai	0
Pla de Santa Maria, el	41.36562491	1.28885286	topo1	el Pla de Santa Maria	0
Plans de Sió, els	41.76196725	1.19879659	topo1	els Plans de Sió	0
Pobla de Claramunt, la	41.55420472	1.67478078	topo1	la Pobla de Claramunt	0
Planes d'Hostoles, les	42.05553479	2.53717625	topo1	les Planes d Hostoles	0
Pla del Penedès, el	41.41750955	1.71294661	topo1	el Pla del Penedès	0
Planoles	42.31628262	2.10376929	topo1	Planoles	1
Pobla de Cérvoles, la	41.36770865	0.91552273	topo1	la Pobla de Cérvoles	0
Pobla de Massaluca, la	41.18025791	0.35376161	topo1	la Pobla de Massaluca	0
Pobla de Mafumet, la	41.18757797	1.209706	topo1	la Pobla de Mafumet	0
Polinyà	41.55763252	2.1565587	topo1	Polinyà	1
Poboleda	41.23340985	0.84488521	topo1	Poboleda	1
Pobla de Segur, la	42.24982897	0.96885546	topo1	la Pobla de Segur	0
Pont de Molins	42.3145912	2.9256907	topo1	Pont de Molins	1
Pobla de Montornès, la	41.17676428	1.41483697	topo1	la Pobla de Montornès	0
Pont d'Armentera, el	41.38367447	1.36280536	topo1	el Pont d Armentera	0
Pont de Suert, el	42.40765539	0.74024299	topo1	el Pont de Suert	0
Pontils	41.47726612	1.38780872	topo1	Pontils	1
Pont de Bar, el	42.372336	1.60516956	topo1	el Pont de Bar	0
Pont de Vilomara i Rocafort, el	41.6983699	1.87379216	topo1	el Pont de Vilomara i Rocafort	0
Pontons	41.41563199	1.5168274	topo1	Pontons	1
Ponts	41.91567944	1.18619719	topo1	Ponts	1
Porqueres	42.10876804	2.78257837	topo1	Porqueres	1
Pontós	42.18665597	2.91656667	topo1	Pontós	1
Portbou	42.42586273	3.15860615	topo1	Portbou	1
Port de la Selva, el	42.33843075	3.20472157	topo1	el Port de la Selva	0
Porrera	41.18895869	0.85604697	topo1	Porrera	1
Prats i Sansor	42.36605817	1.83700934	topo1	Prats i Sansor	1
Prats de Lluçanès	42.00897465	2.02955803	topo1	Prats de Lluçanès	1
Prats de Rei, els	41.7054294	1.541727	topo1	els Prats de Rei	0
Prat de Llobregat, el	41.33051298	2.09310327	topo1	el Prat de Llobregat	0
Preixana	41.60787041	1.03758396	topo1	Preixana	1
Prades	42.61272058	2.35282923	topo1	Prades	1
Pratdip	41.05081868	0.87094461	topo1	Pratdip	1
Pradell de la Teixeta	41.15696234	0.87589293	topo1	Pradell de la Teixeta	1
Prat de Comte	40.98377527	0.40523486	topo1	Prat de Comte	1
Prullans	42.37887292	1.73674864	topo1	Prullans	1
Preses, les	42.14118307	2.46117518	topo1	les Preses	0
Puigcerdà	42.43123876	1.92716471	topo1	Puigcerdà	1
Puigpelat	41.27988736	1.29691475	topo1	Puigpelat	1
Quart	41.93979289	2.83987194	topo1	Quart	1
Queralbs	42.34858311	2.16274613	topo1	Queralbs	1
Puigverd de Lleida	41.54330308	0.73303042	topo1	Puigverd de Lleida	1
Puigdàlber	41.40440678	1.70090791	topo1	Puigdàlber	1
Premià de Mar	41.49239183	2.35810744	topo1	Premià de Mar	1
Pujalt	41.71714385	1.42082507	topo1	Pujalt	1
Puiggròs	41.55053376	0.88999583	topo1	Puiggròs	1
Preixens	41.79405228	1.05064832	topo1	Preixens	1
Premià de Dalt	41.50727392	2.34197767	topo1	Premià de Dalt	1
Puigverd d'Agramunt	41.77727831	1.12203494	topo1	Puigverd d Agramunt	1
Riba, la	41.31825095	1.17803191	topo1	la Riba	0
Ribera d'Ondara	41.62541972	1.34181894	topo1	Ribera d Ondara	1
Rajadell	41.72804121	1.70601646	topo1	Rajadell	1
Rasquera	41.00147843	0.59748744	topo1	Rasquera	1
Rabós	42.37906434	3.028525	topo1	Rabós	1
Renau	41.2247584	1.31119271	topo1	Renau	1
Querol	41.42293329	1.39702465	topo1	Querol	1
Reus	41.15510545	1.10876299	topo1	Reus	1
Regencós	41.95244587	3.16988997	topo1	Regencós	1
Riba-roja d'Ebre	41.25070535	0.4876126	topo1	Riba-roja d Ebre	1
Ribera d'Urgellet	42.31220906	1.38447102	topo1	Ribera d Urgellet	1
Ribes de Freser	42.30616632	2.16763831	topo1	Ribes de Freser	1
Riudarenes	41.82258709	2.71704512	topo1	Riudarenes	1
Riner	41.91393421	1.52461678	topo1	Riner	1
Ripollet	41.49710519	2.15508158	topo1	Ripollet	1
Riudecanyes	41.1301671	0.96067632	topo1	Riudecanyes	1
Riera de Gaià, la	41.16485589	1.36168162	topo1	la Riera de Gaià	0
Riudellots de la Selva	41.89281813	2.80329624	topo1	Riudellots de la Selva	1
Riudecols	41.16851499	0.97604745	topo1	Riudecols	1
Ripoll	42.20086676	2.19058714	topo1	Ripoll	1
Roda de Berà	41.18597879	1.45440035	topo1	Roda de Berà	1
Riumors	42.22730033	3.04212404	topo1	Riumors	1
Rocafort de Queralt	41.47803104	1.28149514	topo1	Rocafort de Queralt	1
Roca del Vallès, la	41.58743705	2.32570742	topo1	la Roca del Vallès	0
Rodonyà	41.2798289	1.39906177	topo1	Rodonyà	1
Rellinars	41.63735287	1.91081145	topo1	Rellinars	1
Roquetes	40.82039282	0.50298736	topo1	Roquetes	1
Roda de Ter	41.98100878	2.30940725	topo1	Roda de Ter	1
Roses	42.26219149	3.17788689	topo1	Roses	1
Sabadell	41.54622002	2.10827649	topo1	Sabadell	1
Rialp	42.44413236	1.13476571	topo1	Rialp	1
Rourell, el	41.22401222	1.21829513	topo1	el Rourell	0
Rubió	41.64445396	1.56996914	topo1	Rubió	1
Rupià	42.02041743	3.0108587	topo1	Rupià	1
Ràpita, la	40.62005244	0.59281738	topo1	la Ràpita	0
Rosselló	41.69328751	0.59523397	topo1	Rosselló	1
Rupit i Pruit	42.02375699	2.46595415	topo1	Rupit i Pruit	1
Riells i Viabrea	41.72690339	2.55896728	topo1	Riells i Viabrea	1
Riu de Cerdanya	42.34522081	1.82603108	topo1	Riu de Cerdanya	1
Riudaura	42.18857199	2.40680337	topo1	Riudaura	1
Salou	41.08147166	1.13422667	topo1	Salou	1
Sant Adrià de Besòs	41.43058547	2.21817353	topo1	Sant Adrià de Besòs	1
Salàs de Pallars	42.21276002	0.93147959	topo1	Salàs de Pallars	1
Sallent	41.82435229	1.89650419	topo1	Sallent	1
Sales de Llierca	42.2356215	2.64981918	topo1	Sales de Llierca	1
Sant Agustí de Lluçanès	42.08500383	2.12738895	topo1	Sant Agustí de Lluçanès	1
Salomó	41.22942496	1.37458858	topo1	Salomó	1
Sant Andreu Salou	41.87353532	2.82540286	topo1	Sant Andreu Salou	1
Riudoms	41.13889158	1.0515193	topo1	Riudoms	1
Rubí	41.49230826	2.0311536	topo1	Rubí	1
Sant Antoni de Vilamajor	41.67353114	2.40122523	topo1	Sant Antoni de Vilamajor	1
Sant Bartomeu del Grau	41.98104603	2.17485796	topo1	Sant Bartomeu del Grau	1
Sant Climent Sescebes	42.36878192	2.9805033	topo1	Sant Climent Sescebes	1
Sant Cugat Sesgarrigues	41.36437236	1.75283	topo1	Sant Cugat Sesgarrigues	1
Sant Celoni	41.68997482	2.49200974	topo1	Sant Celoni	1
Sant Andreu de la Barca	41.44681571	1.97555665	topo1	Sant Andreu de la Barca	1
Sant Cebrià de Vallalta	41.61975383	2.59965969	topo1	Sant Cebrià de Vallalta	1
Sant Boi de Lluçanès	42.05712634	2.15186684	topo1	Sant Boi de Lluçanès	1
Sant Aniol de Finestres	42.06219061	2.61651315	topo1	Sant Aniol de Finestres	1
Sant Cugat del Vallès	41.47080524	2.08493018	topo1	Sant Cugat del Vallès	1
Sant Boi de Llobregat	41.34677772	2.04521092	topo1	Sant Boi de Llobregat	1
Sant Esteve Sesrovires	41.49344352	1.87384233	topo1	Sant Esteve Sesrovires	1
Sant Andreu de Llavaneres	41.5744215	2.48326766	topo1	Sant Andreu de Llavaneres	1
Salt	41.97448262	2.79307844	topo1	Salt	1
Sant Esteve de la Sarga	42.07963463	0.76369009	topo1	Sant Esteve de la Sarga	1
Sant Feliu de Buixalleu	41.73539008	2.60758855	topo1	Sant Feliu de Buixalleu	1
Sant Feliu de Llobregat	41.38089988	2.04555205	topo1	Sant Feliu de Llobregat	1
Sant Ferriol	42.19790734	2.66903686	topo1	Sant Ferriol	1
Sant Fruitós de Bages	41.75083128	1.87369718	topo1	Sant Fruitós de Bages	1
Sant Feliu de Pallerols	42.07557918	2.50702418	topo1	Sant Feliu de Pallerols	1
Sant Feliu de Guíxols	41.78038557	3.02860721	topo1	Sant Feliu de Guíxols	1
Sant Fost de Campsentelles	41.51879754	2.23260277	topo1	Sant Fost de Campsentelles	1
Sant Esteve de Palautordera	41.70255129	2.43682078	topo1	Sant Esteve de Palautordera	1
Sant Hilari Sacalm	41.8791776	2.50876391	topo1	Sant Hilari Sacalm	1
Sant Hipòlit de Voltregà	42.01533257	2.23642223	topo1	Sant Hipòlit de Voltregà	1
Sant Jaume de Llierca	42.21286335	2.60858452	topo1	Sant Jaume de Llierca	1
Sant Jaume d'Enveja	40.70705096	0.71947028	topo1	Sant Jaume d Enveja	1
Sant Jaume dels Domenys	41.29928078	1.5589292	topo1	Sant Jaume dels Domenys	1
Sant Joan Despí	41.36702729	2.05604049	topo1	Sant Joan Despí	1
Sant Iscle de Vallalta	41.62442404	2.56872266	topo1	Sant Iscle de Vallalta	1
Sant Joan de Mollet	42.04566963	2.94271888	topo1	Sant Joan de Mollet	1
Sant Joan de les Abadesses	42.23277865	2.28482195	topo1	Sant Joan de les Abadesses	1
Sant Jordi Desvalls	42.07206415	2.95383264	topo1	Sant Jordi Desvalls	1
Sant Julià de Vilatorta	41.92192644	2.32509897	topo1	Sant Julià de Vilatorta	1
Sant Joan les Fonts	42.21264488	2.51177967	topo1	Sant Joan les Fonts	1
Sant Julià de Ramis	42.03454086	2.83958563	topo1	Sant Julià de Ramis	1
Sant Just Desvern	41.38598602	2.07576641	topo1	Sant Just Desvern	1
Sant Llorenç Savall	41.67872541	2.05830997	topo1	Sant Llorenç Savall	1
Sant Feliu Sasserra	41.94437798	2.02242885	topo1	Sant Feliu Sasserra	1
Sant Feliu de Codines	41.68884482	2.16407998	topo1	Sant Feliu de Codines	1
Sant Julià del Llor i Bonmatí	41.97225988	2.66106423	topo1	Sant Julià del Llor i Bonmatí	1
Sant Gregori	41.99070008	2.76017203	topo1	Sant Gregori	1
Sant Guim de la Plana	41.76294143	1.32407652	topo1	Sant Guim de la Plana	1
Sant Guim de Freixenet	41.65566775	1.41859109	topo1	Sant Guim de Freixenet	1
Sant Joan de Vilatorrada	41.74548484	1.80485938	topo1	Sant Joan de Vilatorrada	1
Sant Martí Sesgueioles	41.70230578	1.48829949	topo1	Sant Martí Sesgueioles	1
Sant Llorenç de la Muga	42.31998555	2.78955529	topo1	Sant Llorenç de la Muga	1
Sant Llorenç de Morunys	42.13703473	1.59189296	topo1	Sant Llorenç de Morunys	1
Sant Martí Vell	42.01977807	2.93108786	topo1	Sant Martí Vell	1
Sant Martí de Centelles	41.76569297	2.20493178	topo1	Sant Martí de Centelles	1
Sant Martí de Riucorb	41.55994115	1.05223562	topo1	Sant Martí de Riucorb	1
Sant Martí Sarroca	41.38477015	1.61153462	topo1	Sant Martí Sarroca	1
Sant Martí de Tous	41.55986864	1.52453705	topo1	Sant Martí de Tous	1
Sant Llorenç d'Hortons	41.46711499	1.82450866	topo1	Sant Llorenç d Hortons	1
Sant Miquel de Fluvià	42.17196777	2.99170439	topo1	Sant Miquel de Fluvià	1
Sant Mateu de Bages	41.79665276	1.73273207	topo1	Sant Mateu de Bages	1
Sant Martí de Llémena	42.03639593	2.64753274	topo1	Sant Martí de Llémena	1
Sant Martí d'Albars	42.02826716	2.07387297	topo1	Sant Martí d Albars	1
Sant Miquel de Campmajor	42.126012	2.68445944	topo1	Sant Miquel de Campmajor	1
Sant Mori	42.15377593	2.99076717	topo1	Sant Mori	1
Sant Pau de Segúries	42.26086051	2.36492229	topo1	Sant Pau de Segúries	1
Sant Pere de Vilamajor	41.68414842	2.38837365	topo1	Sant Pere de Vilamajor	1
Sant Pol de Mar	41.60020983	2.62142265	topo1	Sant Pol de Mar	1
Sant Quirze de Besora	42.10015944	2.22283148	topo1	Sant Quirze de Besora	1
Sant Quirze Safaja	41.72798941	2.15500826	topo1	Sant Quirze Safaja	1
Sant Quirze del Vallès	41.53310367	2.08078925	topo1	Sant Quirze del Vallès	1
Sant Quintí de Mediona	41.46218118	1.66297191	topo1	Sant Quintí de Mediona	1
Sant Ramon	41.72453272	1.35790263	topo1	Sant Ramon	1
Sant Pere Pescador	42.18815677	3.08196008	topo1	Sant Pere Pescador	1
Sant Sadurní d'Anoia	41.42409689	1.786539	topo1	Sant Sadurní d Anoia	1
Sant Pere de Torelló	42.07501465	2.2967913	topo1	Sant Pere de Torelló	1
Sant Pere de Ribes	41.26226838	1.77209081	topo1	Sant Pere de Ribes	1
Sant Pere Sallavinera	41.73669103	1.57537153	topo1	Sant Pere Sallavinera	1
Sant Sadurní d'Osormort	41.9019178	2.3814856	topo1	Sant Sadurní d Osormort	1
Sant Vicenç de Castellet	41.66551791	1.86388274	topo1	Sant Vicenç de Castellet	1
Sant Vicenç de Montalt	41.57833386	2.50933142	topo1	Sant Vicenç de Montalt	1
Sant Vicenç dels Horts	41.3933921	2.00998304	topo1	Sant Vicenç dels Horts	1
Santa Cecília de Voltregà	41.99314225	2.22228679	topo1	Santa Cecília de Voltregà	1
Santa Bàrbara	40.7145205	0.49241299	topo1	Santa Bàrbara	1
Santa Coloma de Cervelló	41.36740424	2.01579415	topo1	Santa Coloma de Cervelló	1
Santa Coloma de Gramenet	41.451786	2.20813616	topo1	Santa Coloma de Gramenet	1
Santa Coloma de Queralt	41.53242245	1.3838885	topo1	Santa Coloma de Queralt	1
Santa Margarida de Montbui	41.57515673	1.60775385	topo1	Santa Margarida de Montbui	1
Santa Eulàlia de Ronçana	41.65248899	2.22953985	topo1	Santa Eulàlia de Ronçana	1
Santa Cristina d'Aro	41.81268616	2.99634843	topo1	Santa Cristina d Aro	1
Santa Maria d'Oló	41.87381952	2.03560497	topo1	Santa Maria d Oló	1
Santa Coloma de Farners	41.8640765	2.66265205	topo1	Santa Coloma de Farners	1
Santa Maria de Miralles	41.5180786	1.52498967	topo1	Santa Maria de Miralles	1
Santa Oliva	41.25311797	1.55069958	topo1	Santa Oliva	1
Santa Pau	42.14426939	2.57136437	topo1	Santa Pau	1
Santa Susanna	41.63542109	2.70754972	topo1	Santa Susanna	1
Sarral	41.44460276	1.24857891	topo1	Sarral	1
Santpedor	41.78306992	1.8392022	topo1	Santpedor	1
Sarroca de Lleida	41.45843438	0.56205423	topo1	Sarroca de Lleida	1
Sarrià de Ter	42.01847569	2.82543811	topo1	Sarrià de Ter	1
Sarroca de Bellera	42.35972014	0.88127286	topo1	Sarroca de Bellera	1
Saus	42.13269852	2.97637241	topo1	Saus, Camallera i Llampaies	0
Saus, Camallera i Llampaies	42.12310923	2.95930378	topo1	Saus, Camallera i Llampaies	1
Savallà del Comtat	41.543117	1.29893231	topo1	Savallà del Comtat	1
Secuita, la	41.20464645	1.2795936	topo1	la Secuita	0
Santa Maria de Besora	42.12681151	2.25791137	topo1	Santa Maria de Besora	1
Selva de Mar, la	42.32448788	3.18647293	topo1	la Selva de Mar	0
Senan	41.46995053	1.08842598	topo1	Senan	1
Selva del Camp, la	41.21534896	1.1370834	topo1	la Selva del Camp	0
Serinyà	42.16906301	2.74439258	topo1	Serinyà	1
Serra de Daró	42.02833404	3.07206737	topo1	Serra de Daró	1
Sentiu de Sió, la	41.80480472	0.87845739	topo1	la Sentiu de Sió	0
Seròs	41.46329226	0.40955225	topo1	Seròs	1
Santa Maria de Palautordera	41.69323754	2.44588783	topo1	Santa Maria de Palautordera	1
Seu d'Urgell, la	42.35816328	1.46201318	topo1	la Seu d Urgell	0
Seva	41.83885377	2.27982436	topo1	Seva	1
Sobremunt	42.03603896	2.1669521	topo1	Sobremunt	1
Siurana	42.20947449	2.99411003	topo1	Siurana	1
Solivella	41.45600422	1.17761051	topo1	Solivella	1
Solsona	41.99434845	1.51817759	topo1	Solsona	1
Soleràs, el	41.4130345	0.68165937	topo1	el Soleràs	0
Sora	42.1125243	2.16057606	topo1	Sora	1
Susqueda	42.01404985	2.5445419	topo1	Susqueda	1
Sunyer	41.52325812	0.59301841	topo1	Sunyer	1
Tagamanent	41.7376325	2.26712137	topo1	Tagamanent	1
Sénia, la	40.63308091	0.2860934	topo1	la Sénia	0
Sudanell	41.55761329	0.56723242	topo1	Sudanell	1
Talamanca	41.73815732	1.97724975	topo1	Talamanca	1
Talavera	41.58205386	1.33820369	topo1	Talavera	1
Tarragona	41.1169279	1.25533043	topo1	Tarragona	1
Tarroja de Segarra	41.73044795	1.274248	topo1	Tarroja de Segarra	1
Talarn	42.18554866	0.90018508	topo1	Talarn	1
Tallada d'Empordà, la	42.08060748	3.05523169	topo1	la Tallada d Empordà	0
Taradell	41.87413939	2.28757001	topo1	Taradell	1
Tarrés	41.4225704	1.01964804	topo1	Tarrés	1
Tavertet	41.99572974	2.41926916	topo1	Tavertet	1
Teià	41.49963426	2.31952313	topo1	Teià	1
Terrassa	41.56341547	2.01033341	topo1	Terrassa	1
Tavèrnoles	41.95207151	2.32649253	topo1	Tavèrnoles	1
Terrades	42.31039267	2.83978536	topo1	Terrades	1
Tiana	41.48189047	2.26890268	topo1	Tiana	1
Tiurana	41.97582543	1.25558201	topo1	Tiurana	1
Tordera	41.70160253	2.71824182	topo1	Tordera	1
Torms, els	41.39416901	0.71972485	topo1	els Torms	0
Tivissa	41.04330676	0.73198956	topo1	Tivissa	1
Tivenys	40.90733424	0.5124489	topo1	Tivenys	1
Tornabous	41.70165983	1.05308029	topo1	Tornabous	1
Torre de Fontaubella, la	41.12436529	0.86429617	topo1	la Torre de Fontaubella	0
Torre de Claramunt, la	41.53352327	1.65833701	topo1	la Torre de Claramunt	0
Torre de Cabdella, la	42.42190747	0.98253147	topo1	la Torre de Cabdella	0
Tona	41.85031212	2.22856113	topo1	Tona	1
Torre de l'Espanyol, la	41.19180957	0.62509893	topo1	la Torre de l Espanyol	0
Torrebesses	41.42664815	0.59509369	topo1	Torrebesses	1
Torrefeta i Florejacs	41.75334896	1.27532798	topo1	Torrefeta i Florejacs	1
Torredembarra	41.14566163	1.39563133	topo1	Torredembarra	1
Torrefarrera	41.67321621	0.60663855	topo1	Torrefarrera	1
Torregrossa	41.58107247	0.83186291	topo1	Torregrossa	1
Torrelameu	41.70469051	0.70208299	topo1	Torrelameu	1
Torrelavit	41.44748987	1.72970021	topo1	Torrelavit	1
Torrelles de Llobregat	41.35893901	1.98115644	topo1	Torrelles de Llobregat	1
Torrelles de Foix	41.388311	1.56874586	topo1	Torrelles de Foix	1
Torrent	41.95201087	3.12769302	topo1	Torrent	1
Torroella de Fluvià	42.17487873	3.04096895	topo1	Torroella de Fluvià	1
Torres de Segre	41.53526451	0.51357715	topo1	Torres de Segre	1
Toses	42.32164368	2.01698644	topo1	Toses	1
Tortosa	40.81100812	0.52064304	topo1	Tortosa	1
Torroja del Priorat	41.21337866	0.81064228	topo1	Torroja del Priorat	1
Subirats	41.38279428	1.79835787	topo1	Subirats	1
Torroella de Montgrí	42.04107057	3.12610281	topo1	Torroella de Montgrí	1
Sentmenat	41.60866493	2.13542787	topo1	Sentmenat	1
Tortellà	42.2328818	2.63000059	topo1	Tortellà	1
Sort	42.41113456	1.12982187	topo1	Sort	1
Sitges	41.23490746	1.81161811	topo1	Sitges	1
Sils	41.81082984	2.74293402	topo1	Sils	1
Tírvia	42.51509054	1.24297133	topo1	Tírvia	1
Ultramort	42.03667882	3.03447793	topo1	Ultramort	1
Ullà	42.05070167	3.10767932	topo1	Ullà	1
Ulldemolins	41.32259103	0.87639502	topo1	Ulldemolins	1
Urús	42.35006996	1.85402074	topo1	Urús	1
Torà	41.81276729	1.40277661	topo1	Torà	1
Tàrrega	41.64640449	1.13936906	topo1	Tàrrega	1
Ulldecona	40.59823916	0.44887546	topo1	Ulldecona	1
Tossa de Mar	41.7180076	2.93123007	topo1	Tossa de Mar	1
Vacarisses	41.60722834	1.91790924	topo1	Vacarisses	1
Vall de Cardós	42.5643416	1.22507548	topo1	Vall de Cardós	1
Vajol, la	42.40380195	2.80019448	topo1	la Vajol	0
Vall-llobrega	41.88046712	3.12622726	topo1	Vall-llobrega	1
Vall de Bianya, la	42.21023603	2.45494424	topo1	la Vall de Bianya	0
Vallbona de les Monges	41.52501575	1.08856344	topo1	Vallbona de les Monges	1
Vallclara	41.37736714	0.98225214	topo1	Vallclara	1
Vallfogona de Ripollès	42.19538574	2.30363276	topo1	Vallfogona de Ripollès	1
Vallfogona de Riucorb	41.56291705	1.23596702	topo1	Vallfogona de Riucorb	1
Vallirana	41.38800715	1.93188881	topo1	Vallirana	1
Vallgorguina	41.64741254	2.51055107	topo1	Vallgorguina	1
Vallromanes	41.53156277	2.297941	topo1	Vallromanes	1
Valls d'Aguilar, les	42.29495742	1.34175205	topo1	les Valls d Aguilar	0
Valls de Valira, les	42.37945129	1.45614848	topo1	les Valls de Valira	0
Vansa i Fórnols, la	42.23334536	1.48098754	topo1	la Vansa i Fórnols	0
Veciana	41.6561298	1.48840128	topo1	Veciana	1
Vandellòs i l'Hospitalet de l'Infant	41.01988254	0.83463089	topo1	Vandellòs i l Hospitalet de l Infant	1
Verdú	41.61018266	1.14363791	topo1	Verdú	1
Ventalló	42.14887521	3.02687658	topo1	Ventalló	1
Vendrell, el	41.22021408	1.53492905	topo1	el Vendrell	0
Vespella de Gaià	41.1951994	1.3625708	topo1	Vespella de Gaià	1
Verges	42.06040322	3.04657729	topo1	Verges	1
Vic	41.93049048	2.25433998	topo1	Vic	1
Vidreres	41.78888434	2.77922291	topo1	Vidreres	1
Vielha e Mijaran	42.7007269	0.79285958	topo1	Vielha e Mijaran	1
Vidrà	42.12247168	2.30988455	topo1	Vidrà	1
Vila-sacra	42.26549857	3.01813223	topo1	Vila-sacra	1
Vila-sana	41.6632981	0.92756239	topo1	Vila-sana	1
Vila-rodona	41.31083706	1.35811702	topo1	Vila-rodona	1
Vilabertran	42.28269494	2.98156047	topo1	Vilabertran	1
Vilabella	41.24683568	1.32994149	topo1	Vilabella	1
Vila-seca	41.11097195	1.1450391	topo1	Vila-seca	1
Viladasens	42.09572281	2.93017067	topo1	Viladasens	1
Vilablareix	41.95261121	2.79400671	topo1	Vilablareix	1
Viladamat	42.13345727	3.07477099	topo1	Viladamat	1
Vilademuls	42.13868986	2.88787423	topo1	Vilademuls	1
Viladecavalls	41.55485863	1.95378397	topo1	Viladecavalls	1
Viladecans	41.31578999	2.02040077	topo1	Viladecans	1
Vilafant	42.24698274	2.93757632	topo1	Vilafant	1
Vilafranca del Penedès	41.34640752	1.69817346	topo1	Vilafranca del Penedès	1
Viladrau	41.84751635	2.38998247	topo1	Viladrau	1
Vilalba dels Arcs	41.12101437	0.41018093	topo1	Vilalba dels Arcs	1
Vilaller	42.47670342	0.7157915	topo1	Vilaller	1
Vilajuïga	42.32551009	3.09296005	topo1	Vilajuïga	1
Vilallonga del Camp	41.21142924	1.20574366	topo1	Vilallonga del Camp	1
Vilamacolum	42.19643163	3.05680126	topo1	Vilamacolum	1
Vilallonga de Ter	42.33115611	2.31213951	topo1	Vilallonga de Ter	1
Vilamòs	42.74744196	0.72688654	topo1	Vilamòs	1
Vilamalla	42.21768389	2.9704745	topo1	Vilamalla	1
Vilamaniscle	42.37515955	3.06777373	topo1	Vilamaniscle	1
Vilanant	42.25459633	2.88868518	topo1	Vilanant	1
Vilanova d'Escornalbou	41.1128721	0.93662681	topo1	Vilanova d Escornalbou	1
Vilanova de Bellpuig	41.61475992	0.96076488	topo1	Vilanova de Bellpuig	1
Vilanova de Sau	41.94838126	2.38696444	topo1	Vilanova de Sau	1
Vilanova de Meià	41.99526464	1.02267546	topo1	Vilanova de Meià	1
Vilanova de Prades	41.34804634	0.95545403	topo1	Vilanova de Prades	1
Vilanova de l'Aguda	41.91193886	1.25260508	topo1	Vilanova de l Aguda	1
Vilanova del Vallès	41.55417729	2.28915034	topo1	Vilanova del Vallès	1
Vilanova de Segrià	41.71264518	0.61883471	topo1	Vilanova de Segrià	1
Vilassar de Dalt	41.51720521	2.35840582	topo1	Vilassar de Dalt	1
Vilaplana	41.22856192	1.03318717	topo1	Vilaplana	1
Vilanova i la Geltrú	41.22426707	1.72591967	topo1	Vilanova i la Geltrú	1
Vilassar de Mar	41.502293	2.39260007	topo1	Vilassar de Mar	1
Vilaür	42.14361013	2.95508715	topo1	Vilaür	1
Vilaverd	41.33424825	1.17734806	topo1	Vilaverd	1
Vilella Alta, la	41.22541257	0.78046475	topo1	la Vilella Alta	0
Vilella Baixa, la	41.22066563	0.76180606	topo1	la Vilella Baixa	0
Vilosell, el	41.38394808	0.94662366	topo1	el Vilosell	0
Vilobí del Penedès	41.3891697	1.6615138	topo1	Vilobí del Penedès	1
Vilobí d'Onyar	41.88850596	2.74254823	topo1	Vilobí d Onyar	1
Vilopriu	42.10419864	2.99200268	topo1	Vilopriu	1
Vimbodí	41.40014194	1.05095924	topo1	Vimbodí i Poblet	0
Àger	41.99956524	0.76367874	topo1	Àger	1
Vinaixa	41.42855666	0.97529967	topo1	Vinaixa	1
Xerta	40.90643521	0.4906091	topo1	Xerta	1
Vinyols i els Arcs	41.11375385	1.0366646	topo1	Vinyols i els Arcs	1
Vinebre	41.18406803	0.59080572	topo1	Vinebre	1
Òdena	41.6063498	1.64239663	topo1	Òdena	1
Òrrius	41.55510488	2.35475897	topo1	Òrrius	1
Valls	41.28417563	1.24775254	topo1	Valls	1
Vallmoll	41.24244387	1.24902535	topo1	Vallmoll	1
Vallfogona de Balaguer	41.75246935	0.81374349	topo1	Vallfogona de Balaguer	1
Ullastret	42.00043733	3.06854628	topo1	Ullastret	1
Tremp	42.16741026	0.89525913	topo1	Tremp	1
Vall de Boí, la	42.50611108	0.80084768	topo1	la Vall de Boí	0
Senterada	42.32493947	0.9374511	topo1	Senterada	1
Vallbona d'Anoia	41.51872664	1.70767214	topo1	Vallbona d Anoia	1
Vall d'en Bas, la	42.11825566	2.45906291	topo1	la Vall d en Bas	0
Soriguera	42.38032834	1.1610577	topo1	Soriguera	1
Setcases	42.37537123	2.30117955	topo1	Setcases	1
