﻿VARIACIONS INTERANUALS TURISME RURAL;;;;;;;;;;;
% var. Interanual '20;;;;;;;;;;;
;;;;;;;;;;;
TURISME RURAL;Alt Penedès;Anoia;Bages;Baix Llobregat;Berguedà;Garraf;Maresme;Moianès;Osona;Vallès Occidental;Vallès Oriental
Viatgers;-5,7%;70,4%;-9,6%;ND;70,2%;153,9%;28,4%;22,6%;10,2%;ND;21,0%
Pernoctacions;0,7%;53,2%;24,4%;ND;23,2%;92,0%;3,8%;29,5%;42,5%;ND;0,0%
;;;;;;;;;;;
;;;;;;;;;;;
;;;;;;;;;;;
;;;;;;;;;;;
Font: Elaboració pròpia del LABturisme en base a les dades de Tourism Data System.;;;;;;;;;;;
