﻿VARIACIONS INTERANUALS ESTABLIMENTS HOTELERS;;;;;;;;;;;;
% var. Interanual '20;;;;;;;;;;;;
;;;;;;;;;;;;
ESTABLIMENTS HOTELERS;Alt Penedès;Anoia;Bages;Baix Llobregat;Berguedà;Garraf;Maresme;Moianès;Osona;Vallès Occidental;Vallès Oriental;
Viatgers;95,2%;23,6%;30,6%;108,8%;41,4%;14,4%;197,3%;211,8%;165,2%;20,5%;79,4%;
Pernoctacions;28,6%;41,3%;19,9%;111,9%;49,4%;56,3%;123,7%;75,9%;149,3%;52,7%;63,2%;
;;;;;;;;;;;;
;;;;;;;;;;;;
Font: Elaboració pròpia del LABturisme en base a les dades de Tourism Data System.;;;;;;;;;;;;
;;;;;;;;;;;;
