﻿POSICIONAMENT ESTABLIMENTS CÀMPINGS AGOST 2021;;;;;;;;;;
;;;;;;;;;;
;Viatgers;Var.Inter.Viatgers 20 (%);Var.Inter.Viatgers 19 (%);Pernoctacions;Var. Inter.Pern. 20 (%);Var. Inter.Pern 19 (%);Ocupació (%);Var. Inter.Ocu 20 (en pp);Var. Inter.Ocu 19 (en pp);
Girona;345.519;43,8%;-5,2%;2.219.132;62,1%;-13,8%;59,1;18,5;-4,4;
Tarragona;230.455;39,0%;1,5%;1.511.672;61,4%;-6,5%;67,5;19,8;-3,9;
Lleida;65.492;10,4%;17,3%;288.722;61,4%;-6,5%;59,4;5,7;7,0;
Entorn de Barcelona;107.101;28,6%;-18,2%;577.481;33,1%;-24,2%;57,2;9,7;-5,4;
;;;;;;;;;;
;;;;;;;;;;
;;;;;;;;;;
Font: Elaboració pròpia del LABturisme en base a dades de l'Enquesta d'ocupació en allotjaments de l'INE.;;;;;;;;;;
;;;;;;;;;;
;;;;;;;;;;
;;;;;;;;;;
;;;;;;;;;;
;;;;;;;;;;
;;;;;;;;;;
;;;;;;;;;;
;;;;;;;;;;
;;;;;;;;;;
;;;;;;;;;;
;;;;;;;;;;
;;;;;;;;;;
;;;;;;;;;;
;;;;;;;;;;
;;;;;;;;;;
;;;;;;;;;;
;;;;;;;;;;
