﻿VARIACIONS INTERANUALS MERCAT DOMÈSTIC;;;;;;;
;;;;;;;
% var. Interanual 21/20;;;;;;;
MERCAT DOMÈSTIC;VIATGERS;PERNOCTACIONS;;;;;
Establiments hotelers;31,1%;54,0%;;;;;
Càmpings;12,4%;19,7%;;;;;
Turisme Rural;-9,2%;-15,2%;;;;;
;;;;;;;
% var. Interanual 21/19;;;;;;;
MERCAT DOMÈSTIC;VIATGERS;PERNOCTACIONS;;;;;
Establiments hotelers;-4,4%;-1,4%;;;;;
Càmpings;8,7%;2,6%;;;;;
Turisme Rural;15,7%;24,6%;;;;;
;;;;;;;
MERCAT DOMÈSTIC;ESTADA MITJANA;;;;;;
Hotels;2,8;;;;;;
Càmpings;5,2;;;;;;
Turisme Rural;4,5;;;;;;
;;;;;;;
;;;;;;;
Font: Elaboració pròpia del LABturisme en base a dades de l'Enquesta d'ocupació en allotjaments de l'INE.;;;;;;;
;;;;;;;
