Abella de la Conca	Lleida	6
Abrera	Barcelona	6
Agramunt	Lleida	10
Aguilar de Segarra	Barcelona	1
Agullana	Girona	14
Aiguafreda	Barcelona	9
Aiguamúrcia	Tarragona	16
Aiguaviva	Girona	4
Aitona	Lleida	3
Alamús, els	Lleida	1
Albagés, l'	Lleida	2
Albanyà	Girona	7
Albatàrrec	Lleida	1
Albesa	Lleida	1
Albi, l'	Lleida	2
Albinyana	Tarragona	10
Albiol, l'	Tarragona	5
Albons	Girona	67
Alcanar	Tarragona	497
Alcarràs	Lleida	1
Alcoletge	Lleida	2
Alcover	Tarragona	11
Aldea, l'	Tarragona	27
Aldover	Tarragona	9
Aleixar, l'	Tarragona	4
Alella	Barcelona	146
Alfara de Carles	Tarragona	17
Alfarràs	Lleida	2
Alforja	Tarragona	30
Alfés	Lleida	1
Algerri	Lleida	2
Alguaire	Lleida	2
Alins	Lleida	33
Almacelles	Lleida	2
Almatret	Lleida	3
Almenar	Lleida	2
Almoster	Tarragona	7
Alp	Girona	306
Alpens	Barcelona	11
Alpicat	Lleida	3
Alt Àneu	Lleida	96
Altafulla	Tarragona	340
Alàs i Cerc	Lleida	8
Alòs de Balaguer	Lleida	7
Amer	Girona	21
Ametlla de Mar, l'	Tarragona	1801
Ametlla del Vallès, l'	Barcelona	19
Ampolla, l'	Tarragona	686
Amposta	Tarragona	214
Anglesola	Lleida	1
Anglès	Girona	7
Arbeca	Lleida	11
Arbolí	Tarragona	10
Arboç, l'	Tarragona	8
Arbúcies	Girona	45
Arenys de Mar	Barcelona	231
Arenys de Munt	Barcelona	82
Argelaguer	Girona	9
Argentera, l'	Tarragona	3
Argentona	Barcelona	63
Argençola	Barcelona	3
Armentera, l'	Girona	26
Arnes	Tarragona	23
Arres	Lleida	6
Arsèguel	Lleida	4
Artesa de Lleida	Lleida	1
Artesa de Segre	Lleida	16
Artés	Barcelona	4
Ascó	Tarragona	2
Aspa	Lleida	2
Avellanes i Santa Linya, les	Lleida	16
Avinyonet de Puigventós	Girona	7
Avinyonet del Penedès	Barcelona	19
Avinyó	Barcelona	5
Badalona	Barcelona	223
Baix Pallars	Lleida	19
Balaguer	Lleida	32
Balenyà	Barcelona	3
Balsareny	Barcelona	3
Banyeres del Penedès	Tarragona	15
Banyoles	Girona	103
Barberà de la Conca	Tarragona	6
Barberà del Vallès	Barcelona	10
Barcelona	Barcelona	10646
Baronia de Rialb, la	Lleida	19
Bassella	Lleida	1
Batea	Tarragona	5
Bausen	Lleida	3
Begues	Barcelona	12
Begur	Girona	1771
Belianes	Lleida	1
Bellaguarda	Lleida	4
Bellcaire d'Empordà	Girona	50
Bellcaire d'Urgell	Lleida	5
Bellmunt d'Urgell	Lleida	4
Bellmunt del Priorat	Tarragona	1
Bellprat	Barcelona	1
Bellpuig	Lleida	6
Bellvei	Tarragona	18
Bellver de Cerdanya	Lleida	152
Bellvís	Lleida	1
Benavent de Segrià	Lleida	1
Benifallet	Tarragona	17
Benissanet	Tarragona	8
Besalú	Girona	50
Bescanó	Girona	15
Beuda	Girona	11
Bigues i Riells del Fai	Barcelona	2
Biosca	Lleida	5
Bisbal d'Empordà, la	Girona	50
Bisbal de Montsant, la	Tarragona	6
Bisbal del Penedès, la	Tarragona	30
Biure	Girona	5
Blancafort	Tarragona	3
Blanes	Girona	1296
Boadella i les Escaules	Girona	11
Bolvir	Girona	30
Bonastre	Tarragona	5
Bordils	Girona	5
Borges Blanques, les	Lleida	12
Borges del Camp, les	Tarragona	11
Borrassà	Girona	16
Bossòst	Lleida	37
Bot	Tarragona	12
Botarell	Tarragona	13
Breda	Girona	14
Bruc, el	Barcelona	15
Brull, el	Barcelona	6
Brunyola i Sant Martí Sapresa	Girona	10
Bàscara	Girona	21
Bòrdes, es	Lleida	27
Cabacés	Tarragona	3
Cabanabona	Lleida	1
Cabanelles	Girona	13
Cabanes	Girona	6
Cabanyes, les	Barcelona	3
Cabra del Camp	Tarragona	9
Cabrera d'Anoia	Barcelona	6
Cabrera de Mar	Barcelona	72
Cabrils	Barcelona	85
Cabó	Lleida	1
Cadaqués	Girona	1000
Calaf	Barcelona	2
Calafell	Tarragona	1722
Calders	Barcelona	5
Caldes d'Estrac	Barcelona	200
Caldes de Malavella	Girona	224
Caldes de Montbui	Barcelona	23
Calella	Barcelona	543
Calldetenes	Barcelona	5
Callús	Barcelona	2
Calonge i Sant Antoni	Girona	2425
Camarasa	Lleida	39
Camarles	Tarragona	56
Cambrils	Tarragona	3775
Campdevànol	Girona	17
Campelles	Girona	10
Campins	Barcelona	8
Campllong	Girona	6
Camprodon	Girona	166
Camós	Girona	5
Canejan	Lleida	4
Canet d'Adri	Girona	6
Canet de Mar	Barcelona	330
Canonja, la	Tarragona	3
Canovelles	Barcelona	8
Cantallops	Girona	16
Canyelles	Barcelona	107
Capafonts	Tarragona	9
Capellades	Barcelona	2
Capmany	Girona	19
Capçanes	Tarragona	4
Cardedeu	Barcelona	10
Cardona	Barcelona	68
Carme	Barcelona	1
Caseres	Tarragona	5
Cassà de la Selva	Girona	19
Castell d'Aro, Platja d'Aro i s'Agaró	Girona	2926
Castell de Mur	Lleida	12
Castellar de la Ribera	Lleida	1
Castellar del Vallès	Barcelona	22
Castellbell i el Vilar	Barcelona	11
Castellcir	Barcelona	5
Castelldans	Lleida	1
Castelldefels	Barcelona	376
Castellet i la Gornal	Barcelona	29
Castellfollit de la Roca	Girona	11
Castellfollit del Boix	Barcelona	4
Castellnou de Bages	Barcelona	9
Castellolí	Barcelona	1
Castellserà	Lleida	3
Castellterçol	Barcelona	10
Castellvell del Camp	Tarragona	11
Castellví de Rosanes	Barcelona	4
Castellví de la Marca	Barcelona	7
Castelló d'Empúries	Girona	3667
Castelló de Farfanya	Lleida	2
Catllar, el	Tarragona	42
Cava	Lleida	4
Cellera de Ter, la	Girona	9
Celrà	Girona	15
Centelles	Barcelona	8
Cerdanyola del Vallès	Barcelona	11
Cervelló	Barcelona	15
Cervera	Lleida	8
Cervià de Ter	Girona	2
Cervià de les Garrigues	Lleida	7
Cistella	Girona	15
Clariana de Cardener	Lleida	1
Colera	Girona	132
Coll de Nargó	Lleida	24
Collbató	Barcelona	22
Colldejou	Tarragona	6
Collsuspina	Barcelona	7
Colomers	Girona	7
Coma i la Pedra, la	Lleida	24
Conca de Dalt	Lleida	17
Conesa	Tarragona	2
Constantí	Tarragona	7
Copons	Barcelona	3
Corbera d'Ebre	Tarragona	12
Corbera de Llobregat	Barcelona	35
Corbins	Lleida	2
Cornellà de Llobregat	Barcelona	89
Cornellà del Terri	Girona	25
Cornudella de Montsant	Tarragona	58
Corçà	Girona	45
Creixell	Tarragona	256
Crespià	Girona	7
Cruïlles, Monells i Sant Sadurní de l'Heura	Girona	74
Cubelles	Barcelona	752
Cubells	Lleida	7
Cunit	Tarragona	651
Cànoves i Samalús	Barcelona	9
Darnius	Girona	15
Das	Girona	17
Deltebre	Tarragona	858
Dosrius	Barcelona	22
Duesaigües	Tarragona	12
Escala, l'	Girona	3192
Esparreguera	Barcelona	4
Espinelves	Girona	18
Espluga Calba, l'	Lleida	2
Espluga de Francolí, l'	Tarragona	27
Esplugues de Llobregat	Barcelona	18
Espolla	Girona	7
Esponellà	Girona	12
Espot	Lleida	84
Esquirol, l'	Barcelona	27
Estamariu	Lleida	1
Estany, l'	Barcelona	4
Esterri d'Àneu	Lleida	192
Esterri de Cardós	Lleida	3
Falset	Tarragona	19
Far d'Empordà, el	Girona	1
Farrera	Lleida	9
Fatarella, la	Tarragona	4
Febró, la	Tarragona	1
Figaró-Montmany	Barcelona	3
Figuera, la	Tarragona	4
Figueres	Girona	306
Figuerola del Camp	Tarragona	3
Flaçà	Girona	3
Flix	Tarragona	7
Fogars de Montclús	Barcelona	13
Foixà	Girona	26
Fonollosa	Barcelona	4
Font-rubí	Barcelona	12
Fontanals de Cerdanya	Girona	64
Fontanilles	Girona	9
Fontcoberta	Girona	13
Foradada	Lleida	13
Forallac	Girona	106
Fornells de la Selva	Girona	12
Fortià	Girona	6
Forès	Tarragona	3
Franqueses del Vallès, les	Barcelona	7
Freginals	Tarragona	2
Fuliola, la	Lleida	3
Fulleda	Lleida	1
Fígols i Alinyà	Lleida	8
Gaià	Barcelona	1
Galera, la	Tarragona	13
Gallifa	Barcelona	1
Gandesa	Tarragona	10
Garcia	Tarragona	1
Garidells, els	Tarragona	1
Garriga, la	Barcelona	20
Garrigoles	Girona	9
Garriguella	Girona	34
Garrigàs	Girona	18
Gavet de la Conca	Lleida	14
Gavà	Barcelona	246
Gelida	Barcelona	11
Ger	Girona	55
Ginestar	Tarragona	2
Girona	Girona	761
Godall	Tarragona	8
Golmés	Lleida	1
Gombrèn	Girona	8
Granada, la	Barcelona	2
Granadella, la	Lleida	4
Granera	Barcelona	3
Granollers	Barcelona	17
Granyena de Segarra	Lleida	2
Gratallops	Tarragona	11
Gualba	Barcelona	22
Gualta	Girona	33
Guils de Cerdanya	Girona	45
Guimerà	Lleida	5
Guingueta d'Àneu, la	Lleida	31
Guixers	Lleida	6
Gurb	Barcelona	3
Gósol	Lleida	14
Horta de Sant Joan	Tarragona	38
Hospitalet de Llobregat, l'	Barcelona	524
Hostalets de Pierola, els	Barcelona	2
Hostalric	Girona	13
Igualada	Barcelona	44
Isona i Conca Dellà	Lleida	22
Isòvol	Girona	42
Ivars d'Urgell	Lleida	1
Ivars de Noguera	Lleida	3
Jafre	Girona	9
Jonquera, la	Girona	7
Jorba	Barcelona	2
Josa i Tuixén	Lleida	5
Juià	Girona	7
Juncosa	Lleida	8
Juneda	Lleida	3
Les	Lleida	45
Linyola	Lleida	4
Llacuna, la	Barcelona	13
Lladorre	Lleida	3
Lladurs	Lleida	2
Lladó	Girona	21
Llagostera	Girona	46
Llambilles	Girona	9
Llanars	Girona	27
Llançà	Girona	1685
Llardecans	Lleida	1
Llavorsí	Lleida	46
Lleida	Lleida	91
Llers	Girona	8
Lles de Cerdanya	Lleida	8
Llimiana	Lleida	6
Llinars del Vallès	Barcelona	10
Lliçà d'Amunt	Barcelona	19
Lliçà de Vall	Barcelona	3
Lloar, el	Tarragona	4
Llorac	Tarragona	3
Llorenç del Penedès	Tarragona	8
Lloret de Mar	Girona	3125
Llosses, les	Girona	8
Lluçà	Barcelona	2
Llívia	Girona	104
Madremanya	Girona	23
Maià de Montcal	Girona	12
Maldà	Lleida	4
Malgrat de Mar	Barcelona	380
Malla	Barcelona	1
Manresa	Barcelona	156
Margalef	Tarragona	24
Marganell	Barcelona	5
Martorell	Barcelona	5
Martorelles	Barcelona	2
Marçà	Tarragona	11
Mas de Barberans	Tarragona	4
Masarac i Vilarnadal	Girona	6
Masdenverge	Tarragona	4
Masllorenç	Tarragona	4
Masnou, el	Barcelona	135
Maspujols	Tarragona	6
Masquefa	Barcelona	4
Masroig, el	Tarragona	5
Massanes	Girona	5
Massoteres	Lleida	2
Matadepera	Barcelona	13
Mataró	Barcelona	174
Maçanet de Cabrenys	Girona	29
Maçanet de la Selva	Girona	139
Mediona	Barcelona	11
Menàrguens	Lleida	1
Meranges	Girona	1
Mieres	Girona	8
Miravet	Tarragona	17
Moià	Barcelona	13
Molins de Rei	Barcelona	6
Mollerussa	Lleida	5
Mollet de Peralada	Girona	2
Mollet del Vallès	Barcelona	2
Molló	Girona	32
Monistrol de Calders	Barcelona	3
Monistrol de Montserrat	Barcelona	27
Mont-ral	Tarragona	9
Mont-ras	Girona	78
Mont-roig del Camp	Tarragona	2985
Montagut i Oix	Girona	22
Montblanc	Tarragona	45
Montbrió del Camp	Tarragona	16
Montcada i Reixac	Barcelona	13
Montellà i Martinet	Lleida	48
Montesquiu	Barcelona	4
Montferrer i Castellbó	Lleida	27
Montferri	Tarragona	2
Montgai	Lleida	1
Montgat	Barcelona	68
Montmaneu	Barcelona	1
Montmell, el	Tarragona	34
Montmeló	Barcelona	1
Montoliu de Segarra	Lleida	2
Montornès de Segarra	Lleida	2
Montornès del Vallès	Barcelona	1
Montseny	Barcelona	14
Morell, el	Tarragona	3
Morera de Montsant, la	Tarragona	10
Muntanyola	Barcelona	3
Mura	Barcelona	5
Móra d'Ebre	Tarragona	25
Móra la Nova	Tarragona	8
Nalec	Lleida	4
Naut Aran	Lleida	1269
Navarcles	Barcelona	1
Navata	Girona	90
Navàs	Barcelona	7
Navès	Lleida	6
Nou de Gaià, la	Tarragona	4
Nulles	Tarragona	5
Odèn	Lleida	10
Ogassa	Girona	6
Olesa de Bonesvalls	Barcelona	4
Oliana	Lleida	7
Oliola	Lleida	2
Olius	Lleida	2
Olivella	Barcelona	211
Olost	Barcelona	4
Olot	Girona	103
Olèrdola	Barcelona	23
Omellons, els	Lleida	1
Omells de na Gaia, els	Lleida	5
Ordis	Girona	9
Organyà	Lleida	21
Oristà	Barcelona	3
Os de Balaguer	Lleida	12
Osor	Girona	18
Ossó de Sió	Lleida	1
Pacs del Penedès	Barcelona	2
Palafolls	Barcelona	80
Palafrugell	Girona	2786
Palamós	Girona	1633
Palau de Santa Eulàlia	Girona	6
Palau-sator	Girona	31
Palau-saverdera	Girona	98
Palau-solità i Plegamans	Barcelona	5
Pallaresos, els	Tarragona	3
Pallejà	Barcelona	27
Palma d'Ebre, la	Tarragona	1
Palol de Revardit	Girona	4
Pals	Girona	1421
Papiol, el	Barcelona	3
Pardines	Girona	10
Parlavà	Girona	20
Passanant i Belltall	Tarragona	3
Pau	Girona	36
Paüls	Tarragona	10
Pedret i Marzà	Girona	5
Penelles	Lleida	7
Pera, la	Girona	16
Perafita	Barcelona	8
Peralada	Girona	59
Peramola	Lleida	10
Perelló, el	Tarragona	189
Piera	Barcelona	15
Piles, les	Tarragona	4
Pineda de Mar	Barcelona	859
Pinell de Brai, el	Tarragona	8
Pinell de Solsonès	Lleida	2
Pla de Santa Maria, el	Tarragona	2
Pla del Penedès, el	Barcelona	5
Planes d'Hostoles, les	Girona	36
Planoles	Girona	15
Plans de Sió, els	Lleida	4
Pobla de Claramunt, la	Barcelona	5
Pobla de Cérvoles, la	Lleida	6
Pobla de Mafumet, la	Tarragona	3
Pobla de Massaluca, la	Tarragona	3
Pobla de Montornès, la	Tarragona	60
Pobla de Segur, la	Lleida	51
Poboleda	Tarragona	16
Polinyà	Barcelona	2
Pont d'Armentera, el	Tarragona	1
Pont de Bar, el	Lleida	12
Pont de Molins	Girona	7
Pont de Suert, el	Lleida	53
Pont de Vilomara i Rocafort, el	Barcelona	14
Pontils	Tarragona	3
Pontons	Barcelona	10
Ponts	Lleida	7
Pontós	Girona	8
Porqueres	Girona	14
Porrera	Tarragona	9
Port de la Selva, el	Girona	632
Portbou	Girona	47
Pradell de la Teixeta	Tarragona	2
Prades	Tarragona	54
Prat de Comte	Tarragona	3
Prat de Llobregat, el	Barcelona	20
Pratdip	Tarragona	78
Prats de Lluçanès	Barcelona	1
Prats de Rei, els	Barcelona	2
Prats i Sansor	Lleida	23
Preixana	Lleida	5
Preixens	Lleida	4
Premià de Dalt	Barcelona	58
Premià de Mar	Barcelona	81
Preses, les	Girona	14
Prullans	Lleida	12
Puigcerdà	Girona	291
Puigdàlber	Barcelona	1
Puiggròs	Lleida	2
Puigpelat	Tarragona	6
Puigverd d'Agramunt	Lleida	1
Puigverd de Lleida	Lleida	1
Pujalt	Barcelona	4
Quart	Girona	6
Queralbs	Girona	23
Querol	Tarragona	7
Rabós	Girona	19
Rajadell	Barcelona	1
Rasquera	Tarragona	27
Regencós	Girona	21
Rellinars	Barcelona	5
Renau	Tarragona	3
Reus	Tarragona	186
Rialp	Lleida	82
Riba, la	Tarragona	4
Riba-roja d'Ebre	Tarragona	15
Ribera d'Ondara	Lleida	5
Ribera d'Urgellet	Lleida	21
Ribes de Freser	Girona	76
Riells i Viabrea	Girona	18
Riera de Gaià, la	Tarragona	33
Riner	Lleida	15
Ripoll	Girona	39
Ripollet	Barcelona	6
Riu de Cerdanya	Lleida	7
Riudarenes	Girona	29
Riudaura	Girona	7
Riudecanyes	Tarragona	24
Riudecols	Tarragona	7
Riudellots de la Selva	Girona	3
Riudoms	Tarragona	21
Riumors	Girona	12
Roca del Vallès, la	Barcelona	14
Rocafort de Queralt	Tarragona	6
Roda de Berà	Tarragona	545
Roda de Ter	Barcelona	20
Rodonyà	Tarragona	2
Roquetes	Tarragona	12
Roses	Girona	5347
Rosselló	Lleida	1
Rourell, el	Tarragona	2
Rubió	Barcelona	4
Rubí	Barcelona	16
Rupit i Pruit	Barcelona	16
Rupià	Girona	25
Ràpita, la	Tarragona	695
Sabadell	Barcelona	68
Sales de Llierca	Girona	8
Sallent	Barcelona	2
Salomó	Tarragona	29
Salou	Tarragona	7159
Salt	Girona	5
Salàs de Pallars	Lleida	19
Sant Adrià de Besòs	Barcelona	278
Sant Agustí de Lluçanès	Barcelona	3
Sant Andreu Salou	Girona	3
Sant Andreu de Llavaneres	Barcelona	192
Sant Andreu de la Barca	Barcelona	3
Sant Aniol de Finestres	Girona	13
Sant Antoni de Vilamajor	Barcelona	23
Sant Bartomeu del Grau	Barcelona	4
Sant Boi de Llobregat	Barcelona	21
Sant Boi de Lluçanès	Barcelona	7
Sant Cebrià de Vallalta	Barcelona	144
Sant Celoni	Barcelona	6
Sant Climent Sescebes	Girona	10
Sant Cugat Sesgarrigues	Barcelona	4
Sant Cugat del Vallès	Barcelona	97
Sant Esteve Sesrovires	Barcelona	8
Sant Esteve de Palautordera	Barcelona	12
Sant Esteve de la Sarga	Lleida	3
Sant Feliu Sasserra	Barcelona	4
Sant Feliu de Buixalleu	Girona	13
Sant Feliu de Codines	Barcelona	9
Sant Feliu de Guíxols	Girona	1064
Sant Feliu de Llobregat	Barcelona	15
Sant Feliu de Pallerols	Girona	20
Sant Ferriol	Girona	10
Sant Fost de Campsentelles	Barcelona	23
Sant Fruitós de Bages	Barcelona	4
Sant Gregori	Girona	18
Sant Guim de Freixenet	Lleida	2
Sant Guim de la Plana	Lleida	1
Sant Hilari Sacalm	Girona	52
Sant Hipòlit de Voltregà	Barcelona	2
Sant Iscle de Vallalta	Barcelona	19
Sant Jaume d'Enveja	Tarragona	156
Sant Jaume de Llierca	Girona	12
Sant Jaume dels Domenys	Tarragona	23
Sant Joan Despí	Barcelona	1
Sant Joan de Mollet	Girona	1
Sant Joan de Vilatorrada	Barcelona	4
Sant Joan de les Abadesses	Girona	73
Sant Joan les Fonts	Girona	17
Sant Jordi Desvalls	Girona	17
Sant Julià de Ramis	Girona	16
Sant Julià de Vilatorta	Barcelona	9
Sant Julià del Llor i Bonmatí	Girona	8
Sant Just Desvern	Barcelona	36
Sant Llorenç Savall	Barcelona	7
Sant Llorenç d'Hortons	Barcelona	3
Sant Llorenç de Morunys	Lleida	44
Sant Llorenç de la Muga	Girona	12
Sant Martí Sarroca	Barcelona	15
Sant Martí Sesgueioles	Barcelona	2
Sant Martí Vell	Girona	10
Sant Martí d'Albars	Barcelona	1
Sant Martí de Centelles	Barcelona	1
Sant Martí de Llémena	Girona	8
Sant Martí de Riucorb	Lleida	9
Sant Martí de Tous	Barcelona	7
Sant Mateu de Bages	Barcelona	2
Sant Miquel de Campmajor	Girona	3
Sant Miquel de Fluvià	Girona	19
Sant Mori	Girona	19
Sant Pau de Segúries	Girona	18
Sant Pere Pescador	Girona	185
Sant Pere Sallavinera	Barcelona	1
Sant Pere de Ribes	Barcelona	408
Sant Pere de Torelló	Barcelona	11
Sant Pere de Vilamajor	Barcelona	25
Sant Pol de Mar	Barcelona	281
Sant Quintí de Mediona	Barcelona	6
Sant Quirze Safaja	Barcelona	14
Sant Quirze de Besora	Barcelona	7
Sant Quirze del Vallès	Barcelona	5
Sant Ramon	Lleida	5
Sant Sadurní d'Anoia	Barcelona	7
Sant Sadurní d'Osormort	Barcelona	3
Sant Vicenç de Castellet	Barcelona	1
Sant Vicenç de Montalt	Barcelona	205
Sant Vicenç dels Horts	Barcelona	2
Santa Bàrbara	Tarragona	9
Santa Cecília de Voltregà	Barcelona	1
Santa Coloma de Cervelló	Barcelona	9
Santa Coloma de Farners	Girona	19
Santa Coloma de Gramenet	Barcelona	47
Santa Coloma de Queralt	Tarragona	7
Santa Cristina d'Aro	Girona	397
Santa Eulàlia de Ronçana	Barcelona	10
Santa Margarida de Montbui	Barcelona	4
Santa Maria d'Oló	Barcelona	1
Santa Maria de Besora	Barcelona	2
Santa Maria de Miralles	Barcelona	2
Santa Maria de Palautordera	Barcelona	18
Santa Oliva	Tarragona	18
Santa Pau	Girona	34
Santa Susanna	Barcelona	435
Santpedor	Barcelona	4
Sarral	Tarragona	3
Sarrià de Ter	Girona	1
Sarroca de Bellera	Lleida	6
Sarroca de Lleida	Lleida	1
Saus	Girona	3
Saus, Camallera i Llampaies	Girona	42
Savallà del Comtat	Tarragona	2
Secuita, la	Tarragona	10
Selva de Mar, la	Girona	40
Selva del Camp, la	Tarragona	10
Senan	Tarragona	2
Senterada	Lleida	12
Sentiu de Sió, la	Lleida	1
Sentmenat	Barcelona	6
Serinyà	Girona	10
Serra de Daró	Girona	13
Seròs	Lleida	2
Setcases	Girona	43
Seu d'Urgell, la	Lleida	53
Seva	Barcelona	30
Sils	Girona	70
Sitges	Barcelona	1718
Siurana	Girona	7
Sobremunt	Barcelona	4
Soleràs, el	Lleida	1
Solivella	Tarragona	2
Solsona	Lleida	44
Sora	Barcelona	2
Soriguera	Lleida	19
Sort	Lleida	135
Subirats	Barcelona	15
Sudanell	Lleida	1
Sunyer	Lleida	1
Susqueda	Girona	8
Sénia, la	Tarragona	10
Tagamanent	Barcelona	3
Talamanca	Barcelona	1
Talarn	Lleida	13
Talavera	Lleida	4
Tallada d'Empordà, la	Girona	23
Taradell	Barcelona	5
Tarragona	Tarragona	2081
Tarroja de Segarra	Lleida	2
Tarrés	Lleida	7
Tavertet	Barcelona	8
Tavèrnoles	Barcelona	2
Teià	Barcelona	43
Terrades	Girona	10
Terrassa	Barcelona	162
Tiana	Barcelona	23
Tiurana	Lleida	6
Tivenys	Tarragona	13
Tivissa	Tarragona	18
Tona	Barcelona	6
Tordera	Barcelona	126
Torms, els	Lleida	1
Tornabous	Lleida	1
Torre de Cabdella, la	Lleida	44
Torre de Claramunt, la	Barcelona	16
Torre de Fontaubella, la	Tarragona	3
Torre de l'Espanyol, la	Tarragona	4
Torrebesses	Lleida	3
Torredembarra	Tarragona	1226
Torrefarrera	Lleida	1
Torrefeta i Florejacs	Lleida	6
Torregrossa	Lleida	5
Torrelameu	Lleida	1
Torrelavit	Barcelona	2
Torrelles de Foix	Barcelona	14
Torrelles de Llobregat	Barcelona	7
Torrent	Girona	11
Torres de Segre	Lleida	2
Torroella de Fluvià	Girona	43
Torroella de Montgrí	Girona	2647
Torroja del Priorat	Tarragona	7
Tortellà	Girona	9
Tortosa	Tarragona	89
Torà	Lleida	9
Toses	Girona	20
Tossa de Mar	Girona	1476
Tremp	Lleida	99
Tàrrega	Lleida	26
Tírvia	Lleida	4
Ullastret	Girona	18
Ulldecona	Tarragona	28
Ulldemolins	Tarragona	22
Ullà	Girona	21
Ultramort	Girona	13
Urús	Girona	47
Vacarisses	Barcelona	9
Vajol, la	Girona	4
Vall d'en Bas, la	Girona	53
Vall de Bianya, la	Girona	18
Vall de Boí, la	Lleida	412
Vall de Cardós	Lleida	24
Vall-llobrega	Girona	50
Vallbona d'Anoia	Barcelona	2
Vallbona de les Monges	Lleida	6
Vallclara	Tarragona	1
Vallfogona de Balaguer	Lleida	6
Vallfogona de Ripollès	Girona	4
Vallfogona de Riucorb	Tarragona	1
Vallgorguina	Barcelona	36
Vallirana	Barcelona	9
Vallmoll	Tarragona	5
Vallromanes	Barcelona	36
Valls	Tarragona	7
Valls d'Aguilar, les	Lleida	10
Valls de Valira, les	Lleida	21
Vandellòs i l'Hospitalet de l'Infant	Tarragona	580
Vansa i Fórnols, la	Lleida	1
Veciana	Barcelona	1
Vendrell, el	Tarragona	879
Ventalló	Girona	55
Verdú	Lleida	2
Verges	Girona	14
Vespella de Gaià	Tarragona	30
Vic	Barcelona	46
Vidreres	Girona	296
Vidrà	Girona	8
Vielha e Mijaran	Lleida	309
Vila-rodona	Tarragona	4
Vila-sacra	Girona	2
Vila-sana	Lleida	5
Vila-seca	Tarragona	1448
Vilabella	Tarragona	1
Vilabertran	Girona	6
Vilablareix	Girona	5
Viladamat	Girona	14
Viladasens	Girona	4
Viladecans	Barcelona	22
Viladecavalls	Barcelona	3
Vilademuls	Girona	35
Viladrau	Girona	50
Vilafant	Girona	10
Vilafranca del Penedès	Barcelona	22
Vilajuïga	Girona	11
Vilalba dels Arcs	Tarragona	5
Vilaller	Lleida	31
Vilallonga de Ter	Girona	55
Vilallonga del Camp	Tarragona	1
Vilamacolum	Girona	9
Vilamalla	Girona	2
Vilamaniscle	Girona	9
Vilamòs	Lleida	14
Vilanant	Girona	10
Vilanova d'Escornalbou	Tarragona	13
Vilanova de Bellpuig	Lleida	3
Vilanova de Meià	Lleida	10
Vilanova de Prades	Tarragona	1
Vilanova de Sau	Barcelona	5
Vilanova de Segrià	Lleida	1
Vilanova de l'Aguda	Lleida	1
Vilanova del Vallès	Barcelona	8
Vilanova i la Geltrú	Barcelona	468
Vilaplana	Tarragona	3
Vilassar de Dalt	Barcelona	53
Vilassar de Mar	Barcelona	245
Vilaverd	Tarragona	3
Vilaür	Girona	13
Vilella Alta, la	Tarragona	3
Vilella Baixa, la	Tarragona	22
Vilobí d'Onyar	Girona	13
Vilobí del Penedès	Barcelona	5
Vilopriu	Girona	28
Vilosell, el	Lleida	8
Vimbodí	Tarragona	17
Vinaixa	Lleida	7
Vinebre	Tarragona	6
Vinyols i els Arcs	Tarragona	135
Xerta	Tarragona	8
Àger	Lleida	35
Òdena	Barcelona	5
Òrrius	Barcelona	9
